sale_date,gross_sales_amount,return_offset_amount,net_sales_amount,prop_gross_sales_amount,prop_return_offset_amount,prop_net_sales_amount,all_goods_net_sales_amount,flow_sales_related_actual_money,flow_sales_related_cash_money,flow_sales_actual_money,flow_exchange_actual_money,flow_return_actual_money,flow_stored_value_actual_money,gross_sales_qty,return_offset_qty,net_sales_qty,core_order_count,all_goods_order_count,is_trusted_core_sales,cash_scope
2025-03-17,261.0,-261.0,0.0,0.0,0.0,0.0,0.0,0.0,0.0,261.0,0.0,-261.0,2000.0,4,-4,0,4,4,True,销售/换货/退货现金回款（含道具）
2025-03-18,1666.0,0.0,1666.0,0.0,0.0,0.0,1666.0,1666.0,1666.0,1666.0,0.0,0.0,0.0,20,0,20,7,7,True,销售/换货/退货现金回款（含道具）
2025-03-19,3158.0,-1064.05,2093.95,0.0,0.0,0.0,2093.95,2093.95,2093.95,3158.0,0.0,-1064.05,0.0,31,-9,22,11,11,True,销售/换货/退货现金回款（含道具）
2025-03-20,1216.0,0.0,1216.0,0.0,0.0,0.0,1216.0,1216.0,1216.0,1216.0,0.0,0.0,0.0,18,0,18,6,6,True,销售/换货/退货现金回款（含道具）
2025-03-21,973.0,0.0,973.0,0.0,0.0,0.0,973.0,973.0,973.0,973.0,0.0,0.0,0.0,21,0,21,4,4,True,销售/换货/退货现金回款（含道具）
2025-03-22,1302.0,-251.0,1051.0,0.0,0.0,0.0,1051.0,1051.0,1051.0,1302.0,0.0,-251.0,0.0,22,-3,19,8,8,True,销售/换货/退货现金回款（含道具）
2025-03-23,5274.26,-261.26,5013.0,0.0,0.0,0.0,5013.0,5013.0,5013.0,5013.0,0.0,0.0,0.0,56,-1,55,15,15,True,销售/换货/退货现金回款（含道具）
2025-03-24,1199.0,0.0,1199.0,0.0,0.0,0.0,1199.0,1199.0,1199.0,1199.0,0.0,0.0,0.0,14,0,14,5,5,True,销售/换货/退货现金回款（含道具）
2025-03-25,3168.0,0.0,3168.0,0.0,0.0,0.0,3168.0,3168.0,3168.0,3168.0,0.0,0.0,0.0,33,0,33,9,9,True,销售/换货/退货现金回款（含道具）
2025-03-26,1945.0,0.0,1945.0,0.0,0.0,0.0,1945.0,1945.0,1945.0,1945.0,0.0,0.0,0.0,20,0,20,8,8,True,销售/换货/退货现金回款（含道具）
2025-03-27,2804.0,-79.79,2724.21,0.0,0.0,0.0,2724.21,2724.21,2724.21,2804.0,0.0,-79.79,0.0,45,-1,44,12,12,True,销售/换货/退货现金回款（含道具）
2025-03-28,2692.0,0.0,2692.0,0.0,0.0,0.0,2692.0,2692.0,2692.0,2692.0,0.0,0.0,0.0,36,0,36,11,11,True,销售/换货/退货现金回款（含道具）
2025-03-29,3663.0,0.0,3663.0,0.0,0.0,0.0,3663.0,3663.0,3663.0,3663.0,0.0,0.0,0.0,37,0,37,12,12,True,销售/换货/退货现金回款（含道具）
2025-03-30,2713.0,-321.0,2392.0,0.0,0.0,0.0,2392.0,2392.0,2392.0,2713.0,0.0,-321.0,0.0,39,-4,35,15,15,True,销售/换货/退货现金回款（含道具）
2025-03-31,1364.39,-406.39,958.0,0.0,0.0,0.0,958.0,958.0,958.0,914.0,44.0,0.0,0.0,18,-5,13,7,7,True,销售/换货/退货现金回款（含道具）
2025-04-01,2195.0,0.0,2195.0,0.0,0.0,0.0,2195.0,2195.0,2195.0,2195.0,0.0,0.0,0.0,27,0,27,6,6,True,销售/换货/退货现金回款（含道具）
2025-04-02,1197.24,-63.24,1134.0,0.0,0.0,0.0,1134.0,1134.0,1134.0,1134.0,0.0,0.0,0.0,8,-1,7,3,3,True,销售/换货/退货现金回款（含道具）
2025-04-03,1506.0,0.0,1506.0,0.0,0.0,0.0,1506.0,1506.0,1065.0,1506.0,0.0,0.0,2000.0,19,0,19,5,5,True,销售/换货/退货现金回款（含道具）
2025-04-04,2141.98,-409.98,1732.0,0.0,0.0,0.0,1732.0,1732.0,1732.0,1732.0,0.0,0.0,0.0,23,-3,20,7,7,True,销售/换货/退货现金回款（含道具）
2025-04-05,2608.41,-228.41,2380.0,0.0,0.0,0.0,2380.0,2380.0,2380.0,2341.0,39.0,0.0,0.0,36,-1,35,15,15,True,销售/换货/退货现金回款（含道具）
2025-04-06,2778.0,0.0,2778.0,0.0,0.0,0.0,2778.0,2778.0,2778.0,2778.0,0.0,0.0,0.0,30,0,30,9,9,True,销售/换货/退货现金回款（含道具）
2025-04-07,1395.45,-338.45,1057.0,0.0,0.0,0.0,1057.0,1057.0,1057.0,1014.0,43.0,0.0,0.0,13,-3,10,5,5,True,销售/换货/退货现金回款（含道具）
2025-04-08,3021.0,0.0,3021.0,199.0,0.0,199.0,3220.0,3220.0,3220.0,3220.0,0.0,0.0,0.0,40,0,40,12,13,True,销售/换货/退货现金回款（含道具）
2025-04-09,894.0,0.0,894.0,199.0,0.0,199.0,1093.0,1093.0,1093.0,1093.0,0.0,0.0,0.0,10,0,10,4,5,True,销售/换货/退货现金回款（含道具）
2025-04-10,472.0,0.0,472.0,0.0,0.0,0.0,472.0,472.0,472.0,472.0,0.0,0.0,0.0,9,0,9,4,4,True,销售/换货/退货现金回款（含道具）
2025-04-11,2116.0,0.0,2116.0,0.0,0.0,0.0,2116.0,2116.0,2116.0,2116.0,0.0,0.0,0.0,27,0,27,9,9,True,销售/换货/退货现金回款（含道具）
2025-04-12,4558.02,-582.02,3976.0,263.0,0.0,263.0,4239.0,4239.0,4239.0,4496.0,-3.0,-254.0,0.0,61,-5,56,19,20,True,销售/换货/退货现金回款（含道具）
2025-04-13,1836.0,0.0,1836.0,0.0,0.0,0.0,1836.0,1836.0,1549.0,1836.0,0.0,0.0,0.0,31,0,31,11,11,True,销售/换货/退货现金回款（含道具）
2025-04-14,955.77,-92.77,863.0,0.0,0.0,0.0,863.0,863.0,863.0,863.0,0.0,0.0,0.0,11,-2,9,5,5,True,销售/换货/退货现金回款（含道具）
2025-04-15,2429.71,-164.71,2265.0,0.0,0.0,0.0,2265.0,2265.0,2265.0,2265.0,0.0,0.0,0.0,20,-1,19,9,9,True,销售/换货/退货现金回款（含道具）
2025-04-16,3854.0,0.0,3854.0,0.0,0.0,0.0,3854.0,3854.0,3854.0,3854.0,0.0,0.0,0.0,39,0,39,13,13,True,销售/换货/退货现金回款（含道具）
2025-04-17,1889.76,-105.76,1784.0,0.0,0.0,0.0,1784.0,1784.0,1784.0,1784.0,0.0,0.0,0.0,24,-1,23,11,11,True,销售/换货/退货现金回款（含道具）
2025-04-18,4212.3,-375.3,3837.0,0.0,0.0,0.0,3837.0,3837.0,3837.0,3772.0,65.0,0.0,0.0,36,-3,33,14,14,True,销售/换货/退货现金回款（含道具）
2025-04-19,4537.0,0.0,4537.0,0.0,0.0,0.0,4537.0,4537.0,4537.0,4537.0,0.0,0.0,0.0,56,0,56,17,17,True,销售/换货/退货现金回款（含道具）
2025-04-20,5218.34,-611.34,4607.0,0.0,0.0,0.0,4607.0,4607.0,4607.0,5034.0,40.0,-467.0,0.0,54,-5,49,18,18,True,销售/换货/退货现金回款（含道具）
2025-04-21,3663.86,-481.7,3182.16,0.0,0.0,0.0,3182.16,3182.16,3182.16,3436.0,0.0,-253.84,0.0,40,-5,35,14,14,True,销售/换货/退货现金回款（含道具）
2025-04-22,1153.5,-208.5,945.0,165.0,0.0,165.0,1110.0,1110.0,1110.0,1110.0,0.0,0.0,0.0,13,-1,12,7,8,True,销售/换货/退货现金回款（含道具）
2025-04-23,3881.62,-1896.62,1985.0,0.0,0.0,0.0,1985.0,1985.0,1985.0,2581.0,0.0,-596.0,0.0,56,-13,43,18,18,True,销售/换货/退货现金回款（含道具）
2025-04-24,1631.02,-48.02,1583.0,0.0,0.0,0.0,1583.0,1583.0,1583.0,1583.0,0.0,0.0,0.0,22,-1,21,11,11,True,销售/换货/退货现金回款（含道具）
2025-04-25,1697.0,0.0,1697.0,0.0,0.0,0.0,1697.0,1697.0,1697.0,1697.0,0.0,0.0,0.0,37,0,37,10,10,True,销售/换货/退货现金回款（含道具）
2025-04-26,4771.69,0.0,4771.69,440.31,0.0,440.31,5212.0,5212.0,5212.0,5212.0,0.0,0.0,0.0,54,0,54,16,17,True,销售/换货/退货现金回款（含道具）
2025-04-27,854.0,0.0,854.0,0.0,0.0,0.0,854.0,854.0,854.0,854.0,0.0,0.0,0.0,19,0,19,8,8,True,销售/换货/退货现金回款（含道具）
2025-04-28,3677.0,0.0,3677.0,0.0,0.0,0.0,3677.0,3677.0,3677.0,3677.0,0.0,0.0,0.0,28,0,28,10,10,True,销售/换货/退货现金回款（含道具）
2025-04-29,1930.78,-76.78,1854.0,0.0,0.0,0.0,1854.0,1854.0,1854.0,1854.0,0.0,0.0,0.0,16,-1,15,9,9,True,销售/换货/退货现金回款（含道具）
2025-04-30,4004.0,-59.0,3945.0,0.0,0.0,0.0,3945.0,3945.0,3945.0,4004.0,0.0,-59.0,0.0,47,-3,44,15,15,True,销售/换货/退货现金回款（含道具）
2025-05-01,3689.0,0.0,3689.0,0.0,0.0,0.0,3689.0,3689.0,3689.0,3689.0,0.0,0.0,0.0,42,0,42,17,17,True,销售/换货/退货现金回款（含道具）
2025-05-02,5209.76,-154.76,5055.0,99.0,0.0,99.0,5154.0,5154.0,5154.0,5154.0,0.0,0.0,0.0,53,-1,52,16,17,True,销售/换货/退货现金回款（含道具）
2025-05-03,2303.0,0.0,2303.0,0.0,0.0,0.0,2303.0,2303.0,2303.0,2303.0,0.0,0.0,0.0,31,0,31,12,12,True,销售/换货/退货现金回款（含道具）
2025-05-04,2627.0,0.0,2627.0,131.0,0.0,131.0,2758.0,2758.0,2758.0,2758.0,0.0,0.0,0.0,31,0,31,12,13,True,销售/换货/退货现金回款（含道具）
2025-05-05,2332.0,0.0,2332.0,0.0,0.0,0.0,2332.0,2332.0,2332.0,2332.0,0.0,0.0,0.0,33,0,33,15,15,True,销售/换货/退货现金回款（含道具）
2025-05-06,1725.0,0.0,1725.0,0.0,0.0,0.0,1725.0,1725.0,1725.0,1725.0,0.0,0.0,0.0,20,0,20,7,7,True,销售/换货/退货现金回款（含道具）
2025-05-07,1131.0,0.0,1131.0,0.0,0.0,0.0,1131.0,1131.0,1131.0,1131.0,0.0,0.0,0.0,14,0,14,8,8,True,销售/换货/退货现金回款（含道具）
2025-05-08,2306.0,-130.0,2176.0,0.0,0.0,0.0,2176.0,2176.0,2176.0,2306.0,0.0,-130.0,0.0,25,-1,24,10,10,True,销售/换货/退货现金回款（含道具）
2025-05-09,1567.01,-179.69,1387.32,76.68,0.0,76.68,1464.0,1464.0,1464.0,1464.0,0.0,0.0,0.0,22,-1,21,8,8,True,销售/换货/退货现金回款（含道具）
2025-05-10,4575.0,-504.0,4071.0,0.0,0.0,0.0,4071.0,4071.0,4071.0,4575.0,0.0,-504.0,0.0,46,-3,43,21,21,True,销售/换货/退货现金回款（含道具）
2025-05-11,2187.14,0.0,2187.14,225.86,0.0,225.86,2413.0,2413.0,2413.0,2413.0,0.0,0.0,0.0,32,0,32,12,12,True,销售/换货/退货现金回款（含道具）
2025-05-12,305.06,-161.06,144.0,0.0,0.0,0.0,144.0,144.0,144.0,144.0,0.0,0.0,0.0,5,-2,3,3,3,True,销售/换货/退货现金回款（含道具）
2025-05-13,2194.0,-129.0,2065.0,0.0,0.0,0.0,2065.0,2065.0,2065.0,2065.0,0.0,0.0,0.0,30,-3,27,11,11,True,销售/换货/退货现金回款（含道具）
2025-05-14,1113.0,0.0,1113.0,0.0,0.0,0.0,1113.0,1113.0,1113.0,1113.0,0.0,0.0,0.0,15,0,15,7,7,True,销售/换货/退货现金回款（含道具）
2025-05-15,2319.0,0.0,2319.0,0.0,0.0,0.0,2319.0,2319.0,2319.0,2319.0,0.0,0.0,0.0,32,0,32,10,10,True,销售/换货/退货现金回款（含道具）
2025-05-16,1529.0,0.0,1529.0,0.0,0.0,0.0,1529.0,1529.0,1529.0,1529.0,0.0,0.0,0.0,17,0,17,7,7,True,销售/换货/退货现金回款（含道具）
2025-05-17,1835.0,0.0,1835.0,0.0,0.0,0.0,1835.0,1835.0,1835.0,1835.0,0.0,0.0,0.0,32,0,32,12,12,True,销售/换货/退货现金回款（含道具）
2025-05-18,3166.6,-786.6,2380.0,0.0,0.0,0.0,2380.0,2380.0,2380.0,2746.0,90.0,-456.0,0.0,42,-6,36,17,17,True,销售/换货/退货现金回款（含道具）
2025-05-19,1802.0,0.0,1802.0,0.0,0.0,0.0,1802.0,1802.0,1802.0,1802.0,0.0,0.0,0.0,26,0,26,9,9,True,销售/换货/退货现金回款（含道具）
2025-05-20,1311.0,0.0,1311.0,0.0,0.0,0.0,1311.0,1311.0,1311.0,1311.0,0.0,0.0,0.0,18,0,18,6,6,True,销售/换货/退货现金回款（含道具）
2025-05-21,1408.0,0.0,1408.0,0.0,0.0,0.0,1408.0,1408.0,1408.0,1408.0,0.0,0.0,0.0,12,0,12,6,6,True,销售/换货/退货现金回款（含道具）
2025-05-22,1723.34,-349.34,1374.0,0.0,0.0,0.0,1374.0,1374.0,1374.0,1374.0,0.0,0.0,0.0,21,-2,19,9,9,True,销售/换货/退货现金回款（含道具）
2025-05-23,1954.88,-97.88,1857.0,0.0,0.0,0.0,1857.0,1857.0,1857.0,1847.0,10.0,0.0,0.0,24,-1,23,11,11,True,销售/换货/退货现金回款（含道具）
2025-05-24,6017.0,-312.0,5705.0,0.0,0.0,0.0,5705.0,5705.0,5114.0,6017.0,0.0,-312.0,1288.0,109,-4,105,36,36,True,销售/换货/退货现金回款（含道具）
2025-05-25,10721.56,-1675.81,9045.75,348.25,0.0,348.25,9394.0,9394.0,6479.0,10955.0,20.0,-1581.0,5240.0,157,-18,139,42,42,True,销售/换货/退货现金回款（含道具）
2025-05-26,1197.0,-98.0,1099.0,0.0,0.0,0.0,1099.0,1099.0,1099.0,1197.0,0.0,-98.0,0.0,35,-3,32,13,13,True,销售/换货/退货现金回款（含道具）
2025-05-27,952.0,0.0,952.0,0.0,0.0,0.0,952.0,952.0,952.0,952.0,0.0,0.0,0.0,18,0,18,7,7,True,销售/换货/退货现金回款（含道具）
2025-05-28,1880.0,0.0,1880.0,382.0,0.0,382.0,2262.0,2262.0,2262.0,2262.0,0.0,0.0,0.0,30,0,30,16,17,True,销售/换货/退货现金回款（含道具）
2025-05-29,1939.01,-169.01,1770.0,0.0,0.0,0.0,1770.0,1770.0,1770.0,1769.0,1.0,0.0,0.0,24,-1,23,10,10,True,销售/换货/退货现金回款（含道具）
2025-05-30,1977.0,0.0,1977.0,0.0,0.0,0.0,1977.0,1977.0,1977.0,1977.0,0.0,0.0,0.0,35,0,35,13,13,True,销售/换货/退货现金回款（含道具）
2025-05-31,4315.0,-129.0,4186.0,0.0,0.0,0.0,4186.0,4186.0,4186.0,4186.0,0.0,0.0,0.0,38,-1,37,15,15,True,销售/换货/退货现金回款（含道具）
2025-06-01,2270.0,0.0,2270.0,0.0,0.0,0.0,2270.0,2270.0,2270.0,2270.0,0.0,0.0,0.0,22,0,22,11,11,True,销售/换货/退货现金回款（含道具）
2025-06-02,3949.0,-366.0,3583.0,0.0,0.0,0.0,3583.0,3583.0,3583.0,3731.0,0.0,-148.0,0.0,44,-2,42,20,20,True,销售/换货/退货现金回款（含道具）
2025-06-03,490.0,0.0,490.0,0.0,0.0,0.0,490.0,490.0,490.0,490.0,0.0,0.0,0.0,6,0,6,4,4,True,销售/换货/退货现金回款（含道具）
2025-06-04,1062.0,0.0,1062.0,0.0,0.0,0.0,1062.0,1062.0,1062.0,1062.0,0.0,0.0,0.0,20,0,20,7,7,True,销售/换货/退货现金回款（含道具）
2025-06-05,1549.0,-233.0,1316.0,0.0,0.0,0.0,1316.0,1316.0,1316.0,1316.0,0.0,0.0,0.0,25,-2,23,11,11,True,销售/换货/退货现金回款（含道具）
2025-06-06,1766.0,-122.0,1644.0,0.0,0.0,0.0,1644.0,1644.0,1644.0,1766.0,0.0,-122.0,0.0,23,-2,21,13,13,True,销售/换货/退货现金回款（含道具）
2025-06-07,3934.0,0.0,3934.0,0.0,0.0,0.0,3934.0,3934.0,3934.0,3934.0,0.0,0.0,0.0,54,0,54,17,17,True,销售/换货/退货现金回款（含道具）
2025-06-08,2167.34,-91.34,2076.0,0.0,0.0,0.0,2076.0,2076.0,2076.0,2076.0,0.0,0.0,0.0,27,-1,26,12,12,True,销售/换货/退货现金回款（含道具）
2025-06-09,1816.0,0.0,1816.0,0.0,0.0,0.0,1816.0,1816.0,1816.0,1816.0,0.0,0.0,0.0,16,0,16,8,8,True,销售/换货/退货现金回款（含道具）
2025-06-10,644.0,0.0,644.0,0.0,0.0,0.0,644.0,644.0,644.0,644.0,0.0,0.0,0.0,10,0,10,2,2,True,销售/换货/退货现金回款（含道具）
2025-06-11,750.0,0.0,750.0,0.0,0.0,0.0,750.0,750.0,750.0,750.0,0.0,0.0,0.0,13,0,13,6,6,True,销售/换货/退货现金回款（含道具）
2025-06-12,919.0,0.0,919.0,0.0,0.0,0.0,919.0,919.0,919.0,919.0,0.0,0.0,0.0,17,0,17,8,8,True,销售/换货/退货现金回款（含道具）
2025-06-13,1964.0,0.0,1964.0,0.0,0.0,0.0,1964.0,1964.0,1964.0,1964.0,0.0,0.0,0.0,20,0,20,10,10,True,销售/换货/退货现金回款（含道具）
2025-06-14,1170.0,0.0,1170.0,0.0,0.0,0.0,1170.0,1170.0,1170.0,1170.0,0.0,0.0,0.0,17,0,17,7,7,True,销售/换货/退货现金回款（含道具）
2025-06-15,1794.0,0.0,1794.0,0.0,0.0,0.0,1794.0,1794.0,1794.0,1794.0,0.0,0.0,0.0,31,0,31,11,11,True,销售/换货/退货现金回款（含道具）
2025-06-16,1334.0,0.0,1334.0,0.0,0.0,0.0,1334.0,1334.0,1334.0,1334.0,0.0,0.0,0.0,16,0,16,6,6,True,销售/换货/退货现金回款（含道具）
2025-06-17,2063.02,-490.02,1573.0,0.0,0.0,0.0,1573.0,1573.0,1573.0,1969.0,5.0,-401.0,0.0,32,-6,26,12,12,True,销售/换货/退货现金回款（含道具）
2025-06-18,1618.0,0.0,1618.0,0.0,0.0,0.0,1618.0,1618.0,1618.0,1618.0,0.0,0.0,0.0,16,0,16,6,6,True,销售/换货/退货现金回款（含道具）
2025-06-19,1608.0,-216.0,1392.0,0.0,0.0,0.0,1392.0,1392.0,1392.0,1608.0,0.0,-216.0,0.0,24,-3,21,10,10,True,销售/换货/退货现金回款（含道具）
2025-06-20,1692.0,-129.0,1563.0,0.0,0.0,0.0,1563.0,1563.0,1563.0,1563.0,0.0,0.0,0.0,20,-3,17,9,9,True,销售/换货/退货现金回款（含道具）
2025-06-21,2714.0,0.0,2714.0,0.0,0.0,0.0,2714.0,2714.0,2714.0,2714.0,0.0,0.0,0.0,33,0,33,16,16,True,销售/换货/退货现金回款（含道具）
2025-06-22,2793.0,-185.0,2608.0,0.0,0.0,0.0,2608.0,2608.0,2608.0,2608.0,0.0,0.0,0.0,29,-1,28,14,14,True,销售/换货/退货现金回款（含道具）
2025-06-23,1015.0,0.0,1015.0,0.0,0.0,0.0,1015.0,1015.0,1015.0,1015.0,0.0,0.0,0.0,11,0,11,4,4,True,销售/换货/退货现金回款（含道具）
2025-06-24,1219.0,0.0,1219.0,0.0,0.0,0.0,1219.0,1219.0,1219.0,1219.0,0.0,0.0,0.0,13,0,13,6,6,True,销售/换货/退货现金回款（含道具）
2025-06-25,620.0,0.0,620.0,0.0,0.0,0.0,620.0,620.0,620.0,620.0,0.0,0.0,0.0,10,0,10,6,6,True,销售/换货/退货现金回款（含道具）
2025-06-26,1560.0,0.0,1560.0,0.0,0.0,0.0,1560.0,1560.0,1560.0,1560.0,0.0,0.0,0.0,20,0,20,6,6,True,销售/换货/退货现金回款（含道具）
2025-06-27,945.0,-115.0,830.0,0.0,0.0,0.0,830.0,830.0,830.0,945.0,0.0,-115.0,0.0,10,-1,9,7,7,True,销售/换货/退货现金回款（含道具）
2025-06-28,3833.0,-86.0,3747.0,0.0,0.0,0.0,3747.0,3747.0,3747.0,3747.0,0.0,0.0,0.0,48,-2,46,15,15,True,销售/换货/退货现金回款（含道具）
2025-06-29,3060.0,0.0,3060.0,0.0,0.0,0.0,3060.0,3060.0,2312.0,3060.0,0.0,0.0,0.0,36,0,36,11,11,True,销售/换货/退货现金回款（含道具）
2025-06-30,1365.0,-724.0,641.0,0.0,0.0,0.0,641.0,641.0,641.0,1365.0,0.0,-724.0,0.0,16,-8,8,7,7,True,销售/换货/退货现金回款（含道具）
2025-07-01,1443.0,0.0,1443.0,0.0,0.0,0.0,1443.0,1443.0,1443.0,1443.0,0.0,0.0,0.0,19,0,19,7,7,True,销售/换货/退货现金回款（含道具）
2025-07-02,1004.0,0.0,1004.0,0.0,0.0,0.0,1004.0,1004.0,1004.0,1004.0,0.0,0.0,0.0,17,0,17,7,7,True,销售/换货/退货现金回款（含道具）
2025-07-03,2023.0,-191.91,1831.09,0.0,0.0,0.0,1831.09,1831.09,1831.09,1767.0,64.09,0.0,0.0,22,-1,21,7,7,True,销售/换货/退货现金回款（含道具）
2025-07-04,1743.01,-327.01,1416.0,0.0,0.0,0.0,1416.0,1416.0,1416.0,1416.0,0.0,0.0,0.0,22,-2,20,7,7,True,销售/换货/退货现金回款（含道具）
2025-07-05,2508.94,-118.94,2390.0,0.0,0.0,0.0,2390.0,2390.0,2390.0,2390.0,0.0,0.0,0.0,26,-1,25,9,9,True,销售/换货/退货现金回款（含道具）
2025-07-06,1327.5,-84.5,1243.0,0.0,0.0,0.0,1243.0,1243.0,1243.0,1243.0,0.0,0.0,0.0,23,-1,22,12,12,True,销售/换货/退货现金回款（含道具）
2025-07-07,887.0,0.0,887.0,0.0,0.0,0.0,887.0,887.0,887.0,887.0,0.0,0.0,0.0,12,0,12,4,4,True,销售/换货/退货现金回款（含道具）
2025-07-08,830.0,0.0,830.0,0.0,0.0,0.0,830.0,830.0,830.0,830.0,0.0,0.0,0.0,12,0,12,4,4,True,销售/换货/退货现金回款（含道具）
2025-07-09,558.0,0.0,558.0,0.0,0.0,0.0,558.0,558.0,558.0,558.0,0.0,0.0,0.0,5,0,5,4,4,True,销售/换货/退货现金回款（含道具）
2025-07-10,2732.0,0.0,2732.0,0.0,0.0,0.0,2732.0,2732.0,2732.0,2732.0,0.0,0.0,0.0,27,0,27,7,7,True,销售/换货/退货现金回款（含道具）
2025-07-11,858.13,-311.13,547.0,0.0,0.0,0.0,547.0,547.0,547.0,725.0,0.0,-178.0,0.0,10,-2,8,6,6,True,销售/换货/退货现金回款（含道具）
2025-07-12,1711.0,0.0,1711.0,0.0,0.0,0.0,1711.0,1711.0,1711.0,1711.0,0.0,0.0,0.0,17,0,17,6,6,True,销售/换货/退货现金回款（含道具）
2025-07-13,2342.25,-417.25,1925.0,0.0,0.0,0.0,1925.0,1925.0,1520.0,1925.0,0.0,0.0,0.0,23,-3,20,13,13,True,销售/换货/退货现金回款（含道具）
2025-07-14,1338.0,-95.0,1243.0,0.0,0.0,0.0,1243.0,1243.0,1243.0,1243.0,0.0,0.0,0.0,10,-1,9,7,7,True,销售/换货/退货现金回款（含道具）
2025-07-15,1780.0,0.0,1780.0,0.0,0.0,0.0,1780.0,1780.0,1780.0,1780.0,0.0,0.0,0.0,19,0,19,6,6,True,销售/换货/退货现金回款（含道具）
2025-07-16,493.0,0.0,493.0,0.0,0.0,0.0,493.0,493.0,493.0,493.0,0.0,0.0,0.0,9,0,9,5,5,True,销售/换货/退货现金回款（含道具）
2025-07-17,1665.08,-90.08,1575.0,0.0,0.0,0.0,1575.0,1575.0,1575.0,1575.0,0.0,0.0,0.0,23,-1,22,9,9,True,销售/换货/退货现金回款（含道具）
2025-07-18,1703.0,0.0,1703.0,0.0,0.0,0.0,1703.0,1703.0,1703.0,1703.0,0.0,0.0,0.0,15,0,15,7,7,True,销售/换货/退货现金回款（含道具）
2025-07-19,2384.63,-170.63,2214.0,0.0,0.0,0.0,2214.0,2214.0,2214.0,2214.0,0.0,0.0,0.0,27,-1,26,10,10,True,销售/换货/退货现金回款（含道具）
2025-07-20,1155.0,0.0,1155.0,0.0,0.0,0.0,1155.0,1155.0,1155.0,1155.0,0.0,0.0,0.0,10,0,10,4,4,True,销售/换货/退货现金回款（含道具）
2025-07-21,1036.0,0.0,1036.0,0.0,0.0,0.0,1036.0,1036.0,1036.0,1036.0,0.0,0.0,0.0,19,0,19,7,7,True,销售/换货/退货现金回款（含道具）
2025-07-22,496.0,0.0,496.0,0.0,0.0,0.0,496.0,496.0,496.0,496.0,0.0,0.0,0.0,7,0,7,3,3,True,销售/换货/退货现金回款（含道具）
2025-07-23,72.0,0.0,72.0,0.0,0.0,0.0,72.0,72.0,72.0,72.0,0.0,0.0,0.0,2,0,2,2,2,True,销售/换货/退货现金回款（含道具）
2025-07-24,1418.0,0.0,1418.0,0.0,0.0,0.0,1418.0,1418.0,1418.0,1418.0,0.0,0.0,0.0,14,0,14,7,7,True,销售/换货/退货现金回款（含道具）
2025-07-25,1446.18,-63.18,1383.0,0.0,0.0,0.0,1383.0,1383.0,1383.0,1383.0,0.0,0.0,0.0,17,-1,16,9,9,True,销售/换货/退货现金回款（含道具）
2025-07-26,1824.0,0.0,1824.0,0.0,0.0,0.0,1824.0,1824.0,1824.0,1824.0,0.0,0.0,0.0,23,0,23,11,11,True,销售/换货/退货现金回款（含道具）
2025-07-27,1381.0,0.0,1381.0,0.0,0.0,0.0,1381.0,1381.0,1381.0,1381.0,0.0,0.0,0.0,23,0,23,9,9,True,销售/换货/退货现金回款（含道具）
2025-07-28,771.26,-140.26,631.0,0.0,0.0,0.0,631.0,631.0,631.0,631.0,0.0,0.0,0.0,15,-3,12,4,4,True,销售/换货/退货现金回款（含道具）
2025-07-29,1656.0,0.0,1656.0,0.0,0.0,0.0,1656.0,1656.0,1656.0,1656.0,0.0,0.0,0.0,20,0,20,10,10,True,销售/换货/退货现金回款（含道具）
2025-07-30,985.0,0.0,985.0,0.0,0.0,0.0,985.0,985.0,985.0,985.0,0.0,0.0,0.0,8,0,8,5,5,True,销售/换货/退货现金回款（含道具）
2025-07-31,1088.0,0.0,1088.0,0.0,0.0,0.0,1088.0,1088.0,1088.0,1088.0,0.0,0.0,0.0,8,0,8,5,5,True,销售/换货/退货现金回款（含道具）
2025-08-01,1383.0,0.0,1383.0,0.0,0.0,0.0,1383.0,1383.0,1383.0,1383.0,0.0,0.0,0.0,20,0,20,9,9,True,销售/换货/退货现金回款（含道具）
2025-08-02,2712.0,-1074.0,1638.0,0.0,0.0,0.0,1638.0,1638.0,1638.0,2712.0,0.0,-1074.0,0.0,19,-6,13,9,9,True,销售/换货/退货现金回款（含道具）
2025-08-03,1010.0,0.0,1010.0,0.0,0.0,0.0,1010.0,1010.0,1010.0,1010.0,0.0,0.0,0.0,17,0,17,10,10,True,销售/换货/退货现金回款（含道具）
2025-08-04,3170.0,-546.0,2624.0,0.0,0.0,0.0,2624.0,2624.0,2624.0,3170.0,0.0,-546.0,0.0,43,-7,36,12,12,True,销售/换货/退货现金回款（含道具）
2025-08-05,2487.24,-442.44,2044.8,0.0,0.0,0.0,2044.8,2044.8,2044.8,2313.0,55.8,-324.0,0.0,26,-4,22,9,9,True,销售/换货/退货现金回款（含道具）
2025-08-06,1394.24,-58.24,1336.0,0.0,0.0,0.0,1336.0,1336.0,1336.0,1336.0,0.0,0.0,0.0,15,-1,14,6,6,True,销售/换货/退货现金回款（含道具）
2025-08-07,842.0,0.0,842.0,0.0,0.0,0.0,842.0,842.0,842.0,842.0,0.0,0.0,0.0,13,0,13,7,7,True,销售/换货/退货现金回款（含道具）
2025-08-08,1977.0,-381.04,1595.96,0.0,0.0,0.0,1595.96,1595.96,1595.96,1589.0,6.96,0.0,0.0,28,-2,26,11,11,True,销售/换货/退货现金回款（含道具）
2025-08-09,583.0,0.0,583.0,0.0,0.0,0.0,583.0,583.0,583.0,583.0,0.0,0.0,0.0,10,0,10,5,5,True,销售/换货/退货现金回款（含道具）
2025-08-10,1845.0,0.0,1845.0,0.0,0.0,0.0,1845.0,1845.0,1845.0,1845.0,0.0,0.0,0.0,20,0,20,8,8,True,销售/换货/退货现金回款（含道具）
2025-08-11,690.0,0.0,690.0,0.0,0.0,0.0,690.0,690.0,690.0,690.0,0.0,0.0,0.0,13,0,13,5,5,True,销售/换货/退货现金回款（含道具）
2025-08-12,577.0,0.0,577.0,0.0,0.0,0.0,577.0,577.0,577.0,577.0,0.0,0.0,0.0,7,0,7,3,3,True,销售/换货/退货现金回款（含道具）
2025-08-13,1470.0,0.0,1470.0,0.0,0.0,0.0,1470.0,1470.0,1470.0,1470.0,0.0,0.0,0.0,13,0,13,5,5,True,销售/换货/退货现金回款（含道具）
2025-08-14,759.0,-137.0,622.0,0.0,0.0,0.0,622.0,622.0,422.0,759.0,0.0,-137.0,0.0,13,-2,11,6,6,True,销售/换货/退货现金回款（含道具）
2025-08-15,2541.0,0.0,2541.0,0.0,0.0,0.0,2541.0,2541.0,2541.0,2541.0,0.0,0.0,0.0,32,0,32,9,9,True,销售/换货/退货现金回款（含道具）
2025-08-16,682.0,0.0,682.0,0.0,0.0,0.0,682.0,682.0,682.0,682.0,0.0,0.0,0.0,12,0,12,7,7,True,销售/换货/退货现金回款（含道具）
2025-08-17,913.0,0.0,913.0,0.0,0.0,0.0,913.0,913.0,913.0,913.0,0.0,0.0,0.0,11,0,11,6,6,True,销售/换货/退货现金回款（含道具）
2025-08-18,1087.0,0.0,1087.0,0.0,0.0,0.0,1087.0,1087.0,1087.0,1087.0,0.0,0.0,0.0,21,0,21,8,8,True,销售/换货/退货现金回款（含道具）
2025-08-19,788.1,-83.1,705.0,0.0,0.0,0.0,705.0,705.0,705.0,705.0,0.0,0.0,0.0,9,-1,8,7,7,True,销售/换货/退货现金回款（含道具）
2025-08-20,2578.34,-225.34,2353.0,0.0,0.0,0.0,2353.0,2353.0,2144.0,2342.0,11.0,0.0,0.0,36,-2,34,12,12,True,销售/换货/退货现金回款（含道具）
2025-08-21,811.0,0.0,811.0,0.0,0.0,0.0,811.0,811.0,811.0,811.0,0.0,0.0,0.0,12,0,12,7,7,True,销售/换货/退货现金回款（含道具）
2025-08-22,2595.0,-55.0,2540.0,0.0,0.0,0.0,2540.0,2540.0,2540.0,2540.0,0.0,0.0,0.0,32,-1,31,17,17,True,销售/换货/退货现金回款（含道具）
2025-08-23,3075.77,-277.77,2798.0,0.0,0.0,0.0,2798.0,2798.0,2798.0,2907.0,65.0,-174.0,0.0,47,-7,40,16,16,True,销售/换货/退货现金回款（含道具）
2025-08-24,2732.78,-123.78,2609.0,0.0,0.0,0.0,2609.0,2609.0,2609.0,2609.0,0.0,0.0,0.0,36,-1,35,18,18,True,销售/换货/退货现金回款（含道具）
2025-08-25,377.0,0.0,377.0,0.0,0.0,0.0,377.0,377.0,377.0,377.0,0.0,0.0,0.0,4,0,4,4,4,True,销售/换货/退货现金回款（含道具）
2025-08-26,377.0,0.0,377.0,0.0,0.0,0.0,377.0,377.0,377.0,377.0,0.0,0.0,0.0,7,0,7,4,4,True,销售/换货/退货现金回款（含道具）
2025-08-27,1268.0,0.0,1268.0,0.0,0.0,0.0,1268.0,1268.0,1268.0,1268.0,0.0,0.0,0.0,15,0,15,11,11,True,销售/换货/退货现金回款（含道具）
2025-08-28,3779.0,0.0,3779.0,0.0,0.0,0.0,3779.0,3779.0,3779.0,3779.0,0.0,0.0,0.0,41,0,41,12,12,True,销售/换货/退货现金回款（含道具）
2025-08-29,3666.0,-156.0,3510.0,0.0,0.0,0.0,3510.0,3510.0,3510.0,3666.0,0.0,-156.0,0.0,51,-1,50,20,20,True,销售/换货/退货现金回款（含道具）
2025-08-30,7354.0,0.0,7354.0,0.0,0.0,0.0,7354.0,7354.0,6818.0,7354.0,0.0,0.0,0.0,89,0,89,27,27,True,销售/换货/退货现金回款（含道具）
2025-08-31,4822.0,-280.0,4542.0,0.0,0.0,0.0,4542.0,4542.0,4542.0,4475.0,67.0,0.0,0.0,63,-1,62,23,23,True,销售/换货/退货现金回款（含道具）
2025-09-01,2554.0,-61.0,2493.0,0.0,0.0,0.0,2493.0,2493.0,2493.0,2554.0,0.0,-61.0,0.0,51,-1,50,18,18,True,销售/换货/退货现金回款（含道具）
2025-09-02,1118.0,0.0,1118.0,0.0,0.0,0.0,1118.0,1118.0,1118.0,1118.0,0.0,0.0,0.0,22,0,22,9,9,True,销售/换货/退货现金回款（含道具）
2025-09-03,1319.0,-77.0,1242.0,0.0,0.0,0.0,1242.0,1242.0,1242.0,1242.0,0.0,0.0,0.0,16,-1,15,7,7,True,销售/换货/退货现金回款（含道具）
2025-09-04,3324.02,-246.02,3078.0,0.0,0.0,0.0,3078.0,3078.0,3078.0,3078.0,0.0,0.0,0.0,38,-5,33,14,14,True,销售/换货/退货现金回款（含道具）
2025-09-05,4865.41,-139.41,4726.0,0.0,0.0,0.0,4726.0,4726.0,4294.0,4726.0,0.0,0.0,1000.0,49,-1,48,18,18,True,销售/换货/退货现金回款（含道具）
2025-09-06,4651.0,-209.0,4442.0,0.0,0.0,0.0,4442.0,4442.0,4442.0,4435.0,7.0,0.0,0.0,48,-1,47,20,20,True,销售/换货/退货现金回款（含道具）
2025-09-07,5178.16,-516.16,4662.0,0.0,0.0,0.0,4662.0,4662.0,4662.0,4939.0,20.0,-297.0,0.0,54,-4,50,22,22,True,销售/换货/退货现金回款（含道具）
2025-09-08,1591.94,-311.94,1280.0,0.0,0.0,0.0,1280.0,1280.0,1274.0,1274.0,6.0,0.0,0.0,17,-2,15,10,10,True,销售/换货/退货现金回款（含道具）
2025-09-09,1496.93,0.0,1496.93,355.07,0.0,355.07,1852.0,1852.0,1852.0,1852.0,0.0,0.0,0.0,20,0,20,7,7,True,销售/换货/退货现金回款（含道具）
2025-09-10,1939.0,0.0,1939.0,0.0,0.0,0.0,1939.0,1939.0,1939.0,1939.0,0.0,0.0,0.0,25,0,25,8,8,True,销售/换货/退货现金回款（含道具）
2025-09-11,982.0,0.0,982.0,0.0,0.0,0.0,982.0,982.0,982.0,982.0,0.0,0.0,0.0,21,0,21,8,8,True,销售/换货/退货现金回款（含道具）
2025-09-12,1640.96,-126.96,1514.0,0.0,0.0,0.0,1514.0,1514.0,1514.0,1514.0,0.0,0.0,0.0,25,-2,23,11,11,True,销售/换货/退货现金回款（含道具）
2025-09-13,1842.0,0.0,1842.0,0.0,0.0,0.0,1842.0,1842.0,1842.0,1842.0,0.0,0.0,0.0,31,0,31,13,13,True,销售/换货/退货现金回款（含道具）
2025-09-14,2784.37,-209.37,2575.0,70.0,0.0,70.0,2645.0,2645.0,2645.0,2645.0,0.0,0.0,0.0,32,-1,31,15,16,True,销售/换货/退货现金回款（含道具）
2025-09-15,944.0,0.0,944.0,0.0,0.0,0.0,944.0,944.0,944.0,944.0,0.0,0.0,0.0,10,0,10,6,6,True,销售/换货/退货现金回款（含道具）
2025-09-16,669.0,0.0,669.0,0.0,0.0,0.0,669.0,669.0,669.0,669.0,0.0,0.0,0.0,8,0,8,5,5,True,销售/换货/退货现金回款（含道具）
2025-09-17,1668.0,0.0,1668.0,0.0,0.0,0.0,1668.0,1668.0,1668.0,1668.0,0.0,0.0,0.0,13,0,13,7,7,True,销售/换货/退货现金回款（含道具）
2025-09-18,1554.53,-348.53,1206.0,0.0,0.0,0.0,1206.0,1206.0,1206.0,1206.0,0.0,0.0,0.0,11,-2,9,7,7,True,销售/换货/退货现金回款（含道具）
2025-09-19,2079.0,0.0,2079.0,0.0,0.0,0.0,2079.0,2079.0,2079.0,2079.0,0.0,0.0,0.0,20,0,20,10,10,True,销售/换货/退货现金回款（含道具）
2025-09-20,4176.0,0.0,4176.0,0.0,0.0,0.0,4176.0,4176.0,4176.0,4176.0,0.0,0.0,0.0,44,0,44,20,20,True,销售/换货/退货现金回款（含道具）
2025-09-21,9292.37,-683.22,8609.15,60.85,0.0,60.85,8670.0,8670.0,6197.0,9025.0,21.0,-376.0,4000.0,95,-4,91,37,37,True,销售/换货/退货现金回款（含道具）
2025-09-22,2574.0,0.0,2574.0,0.0,0.0,0.0,2574.0,2574.0,2574.0,2574.0,0.0,0.0,0.0,33,0,33,11,11,True,销售/换货/退货现金回款（含道具）
2025-09-23,2500.89,-153.89,2347.0,0.0,0.0,0.0,2347.0,2347.0,2347.0,2347.0,0.0,0.0,0.0,33,-2,31,16,16,True,销售/换货/退货现金回款（含道具）
2025-09-24,5954.5,-311.5,5643.0,0.0,0.0,0.0,5643.0,5643.0,4763.0,5586.0,57.0,0.0,2000.0,51,-2,49,16,16,True,销售/换货/退货现金回款（含道具）
2025-09-25,1852.68,-399.68,1453.0,0.0,0.0,0.0,1453.0,1453.0,1447.0,1397.0,56.0,0.0,0.0,22,-3,19,13,13,True,销售/换货/退货现金回款（含道具）
2025-09-26,2530.18,-225.18,2305.0,0.0,0.0,0.0,2305.0,2305.0,2305.0,2305.0,0.0,0.0,0.0,23,-1,22,14,14,True,销售/换货/退货现金回款（含道具）
2025-09-27,6052.0,-274.0,5778.0,0.0,0.0,0.0,5778.0,5778.0,5778.0,6052.0,0.0,-274.0,0.0,58,-2,56,22,22,True,销售/换货/退货现金回款（含道具）
2025-09-28,5637.26,-839.26,4798.0,0.0,0.0,0.0,4798.0,4798.0,3917.0,4990.0,-9.0,-183.0,2000.0,38,-6,32,16,16,True,销售/换货/退货现金回款（含道具）
2025-09-29,4249.61,-707.61,3542.0,0.0,0.0,0.0,3542.0,3542.0,2668.0,3542.0,0.0,0.0,1000.0,43,-3,40,15,15,True,销售/换货/退货现金回款（含道具）
2025-09-30,2766.5,-99.5,2667.0,70.0,0.0,70.0,2737.0,2737.0,2737.0,2737.0,0.0,0.0,0.0,17,-1,16,11,12,True,销售/换货/退货现金回款（含道具）
2025-10-01,3632.0,0.0,3632.0,0.0,0.0,0.0,3632.0,3632.0,3632.0,3632.0,0.0,0.0,0.0,26,0,26,14,14,True,销售/换货/退货现金回款（含道具）
2025-10-02,5076.0,0.0,5076.0,0.0,0.0,0.0,5076.0,5076.0,5076.0,5076.0,0.0,0.0,0.0,43,0,43,15,15,True,销售/换货/退货现金回款（含道具）
2025-10-03,5023.13,-351.13,4672.0,0.0,0.0,0.0,4672.0,4672.0,4290.0,4632.0,40.0,0.0,0.0,48,-2,46,18,18,True,销售/换货/退货现金回款（含道具）
2025-10-04,6778.68,-557.68,6221.0,0.0,0.0,0.0,6221.0,6221.0,6221.0,6193.0,28.0,0.0,0.0,63,-3,60,17,17,True,销售/换货/退货现金回款（含道具）
2025-10-05,6142.35,-137.35,6005.0,70.0,0.0,70.0,6075.0,6075.0,6075.0,6075.0,0.0,0.0,0.0,49,-1,48,19,20,True,销售/换货/退货现金回款（含道具）
2025-10-06,5069.12,-589.12,4480.0,70.0,0.0,70.0,4550.0,4550.0,4550.0,4311.0,239.0,0.0,0.0,37,-6,31,15,16,True,销售/换货/退货现金回款（含道具）
2025-10-07,4946.02,-43.02,4903.0,0.0,0.0,0.0,4903.0,4903.0,4903.0,4334.0,569.0,0.0,0.0,50,-1,49,19,19,True,销售/换货/退货现金回款（含道具）
2025-10-08,4385.88,-258.88,4127.0,0.0,0.0,0.0,4127.0,4127.0,4127.0,4373.0,0.0,-246.0,0.0,43,-3,40,17,17,True,销售/换货/退货现金回款（含道具）
2025-10-09,3062.62,-202.62,2860.0,0.0,0.0,0.0,2860.0,2860.0,2860.0,2485.0,375.0,0.0,0.0,29,-1,28,9,9,True,销售/换货/退货现金回款（含道具）
2025-10-10,2050.6,-52.6,1998.0,0.0,0.0,0.0,1998.0,1998.0,1998.0,1998.0,0.0,0.0,0.0,18,-1,17,11,11,True,销售/换货/退货现金回款（含道具）
2025-10-11,3608.0,0.0,3608.0,0.0,0.0,0.0,3608.0,3608.0,3608.0,3608.0,0.0,0.0,0.0,34,0,34,12,12,True,销售/换货/退货现金回款（含道具）
2025-10-12,8869.99,-1095.99,7774.0,0.0,0.0,0.0,7774.0,7774.0,7542.0,8094.0,24.0,-344.0,2000.0,72,-6,66,32,32,True,销售/换货/退货现金回款（含道具）
2025-10-13,5203.02,-879.32,4323.7,0.0,0.0,0.0,4323.7,4323.7,4323.7,4056.0,267.7,0.0,0.0,35,-5,30,17,17,True,销售/换货/退货现金回款（含道具）
2025-10-14,7787.21,-514.26,7272.95,68.05,0.0,68.05,7341.0,7341.0,7341.0,6157.0,1184.0,0.0,0.0,52,-3,49,14,14,True,销售/换货/退货现金回款（含道具）
2025-10-15,4187.0,-107.0,4080.0,0.0,0.0,0.0,4080.0,4080.0,3622.0,4187.0,0.0,-107.0,1000.0,31,-1,30,14,14,True,销售/换货/退货现金回款（含道具）
2025-10-16,6322.16,-234.16,6088.0,0.0,0.0,0.0,6088.0,6088.0,6088.0,6088.0,0.0,0.0,0.0,45,-2,43,18,18,True,销售/换货/退货现金回款（含道具）
2025-10-17,2753.45,-122.0,2631.45,59.55,0.0,59.55,2691.0,2691.0,2691.0,2535.0,156.0,0.0,0.0,24,-1,23,10,10,True,销售/换货/退货现金回款（含道具）
2025-10-18,4708.0,0.0,4708.0,70.0,0.0,70.0,4778.0,4778.0,4778.0,4778.0,0.0,0.0,0.0,38,0,38,20,21,True,销售/换货/退货现金回款（含道具）
2025-10-19,7150.12,-406.12,6744.0,0.0,0.0,0.0,6744.0,6744.0,6359.0,6321.0,423.0,0.0,0.0,53,-7,46,24,24,True,销售/换货/退货现金回款（含道具）
2025-10-20,6598.0,-174.0,6424.0,0.0,0.0,0.0,6424.0,6424.0,6424.0,6598.0,0.0,-174.0,0.0,46,-1,45,22,22,True,销售/换货/退货现金回款（含道具）
2025-10-21,3446.0,0.0,3446.0,0.0,0.0,0.0,3446.0,3446.0,3446.0,3446.0,0.0,0.0,0.0,27,0,27,11,11,True,销售/换货/退货现金回款（含道具）
2025-10-22,7951.35,-601.86,7349.49,69.51,0.0,69.51,7419.0,7419.0,7419.0,7513.0,9.0,-103.0,0.0,49,-4,45,27,27,True,销售/换货/退货现金回款（含道具）
2025-10-23,2167.07,-227.07,1940.0,0.0,0.0,0.0,1940.0,1940.0,1940.0,1940.0,0.0,0.0,0.0,14,-1,13,8,8,True,销售/换货/退货现金回款（含道具）
2025-10-24,5247.58,-322.16,4925.42,0.0,0.0,0.0,4925.42,4925.42,4925.42,4846.0,79.42,0.0,0.0,37,-2,35,16,16,True,销售/换货/退货现金回款（含道具）
2025-10-25,10157.65,-714.65,9443.0,0.0,0.0,0.0,9443.0,9443.0,9443.0,9931.0,26.0,-514.0,0.0,65,-4,61,29,29,True,销售/换货/退货现金回款（含道具）
2025-10-26,5707.0,0.0,5707.0,0.0,0.0,0.0,5707.0,5707.0,5707.0,5707.0,0.0,0.0,0.0,38,0,38,12,12,True,销售/换货/退货现金回款（含道具）
2025-10-27,3309.99,-478.99,2831.0,0.0,0.0,0.0,2831.0,2831.0,2831.0,2721.0,110.0,0.0,0.0,26,-2,24,8,8,True,销售/换货/退货现金回款（含道具）
2025-10-28,3556.0,0.0,3556.0,0.0,0.0,0.0,3556.0,3556.0,2786.0,3556.0,0.0,0.0,0.0,27,0,27,13,13,True,销售/换货/退货现金回款（含道具）
2025-10-29,3475.26,-663.26,2812.0,0.0,0.0,0.0,2812.0,2812.0,2812.0,2786.0,26.0,0.0,0.0,22,-3,19,10,10,True,销售/换货/退货现金回款（含道具）
2025-10-30,2076.0,0.0,2076.0,0.0,0.0,0.0,2076.0,2076.0,2076.0,2076.0,0.0,0.0,0.0,15,0,15,11,11,True,销售/换货/退货现金回款（含道具）
2025-10-31,2778.0,0.0,2778.0,70.0,0.0,70.0,2848.0,2848.0,2848.0,2848.0,0.0,0.0,0.0,23,0,23,11,12,True,销售/换货/退货现金回款（含道具）
2025-11-01,4326.0,-41.0,4285.0,0.0,0.0,0.0,4285.0,4285.0,2249.0,4285.0,0.0,0.0,3000.0,35,-1,34,11,11,True,销售/换货/退货现金回款（含道具）
2025-11-02,5958.89,-221.89,5737.0,0.0,0.0,0.0,5737.0,5737.0,5232.0,5730.0,7.0,0.0,0.0,40,-2,38,17,17,True,销售/换货/退货现金回款（含道具）
2025-11-03,1943.0,0.0,1943.0,0.0,0.0,0.0,1943.0,1943.0,1943.0,1943.0,0.0,0.0,0.0,13,0,13,7,7,True,销售/换货/退货现金回款（含道具）
2025-11-04,3350.0,0.0,3350.0,0.0,0.0,0.0,3350.0,3350.0,3350.0,3350.0,0.0,0.0,0.0,22,0,22,11,11,True,销售/换货/退货现金回款（含道具）
2025-11-05,3242.39,-427.39,2815.0,0.0,0.0,0.0,2815.0,2815.0,1954.0,2124.0,691.0,0.0,0.0,17,-2,15,8,8,True,销售/换货/退货现金回款（含道具）
2025-11-06,3163.32,-628.32,2535.0,0.0,0.0,0.0,2535.0,2535.0,2365.0,2507.0,28.0,0.0,0.0,21,-3,18,14,14,True,销售/换货/退货现金回款（含道具）
2025-11-07,3929.5,-209.5,3720.0,0.0,0.0,0.0,3720.0,3720.0,3720.0,3720.0,0.0,0.0,0.0,26,-1,25,14,14,True,销售/换货/退货现金回款（含道具）
2025-11-08,4680.0,0.0,4680.0,61.0,0.0,61.0,4741.0,4741.0,4741.0,4741.0,0.0,0.0,0.0,40,0,40,19,19,True,销售/换货/退货现金回款（含道具）
2025-11-09,6610.25,-242.72,6367.53,69.53,0.0,69.53,6437.06,6437.06,6584.0,6584.0,0.0,-146.94,0.0,44,-2,42,17,17,True,销售/换货/退货现金回款（含道具）
2025-11-10,392.0,-128.0,264.0,0.0,0.0,0.0,264.0,264.0,264.0,234.0,30.0,0.0,0.0,3,-1,2,2,2,True,销售/换货/退货现金回款（含道具）
2025-11-11,2840.76,-471.76,2369.0,0.0,0.0,0.0,2369.0,2369.0,2369.0,2107.0,262.0,0.0,0.0,25,-2,23,11,11,True,销售/换货/退货现金回款（含道具）
2025-11-12,1348.0,-428.0,920.0,0.0,0.0,0.0,920.0,920.0,920.0,920.0,0.0,0.0,0.0,10,-2,8,5,5,True,销售/换货/退货现金回款（含道具）
2025-11-13,2394.0,0.0,2394.0,0.0,0.0,0.0,2394.0,2394.0,2394.0,2394.0,0.0,0.0,0.0,15,0,15,3,3,True,销售/换货/退货现金回款（含道具）
2025-11-14,2139.85,-203.85,1936.0,0.0,0.0,0.0,1936.0,1936.0,1936.0,1922.0,14.0,0.0,0.0,19,-3,16,8,8,True,销售/换货/退货现金回款（含道具）
2025-11-15,2272.67,-255.14,2017.53,69.47,0.0,69.47,2087.0,2087.0,1939.0,2087.0,0.0,0.0,0.0,13,-1,12,7,7,True,销售/换货/退货现金回款（含道具）
2025-11-16,2831.0,0.0,2831.0,0.0,0.0,0.0,2831.0,2831.0,2831.0,2831.0,0.0,0.0,0.0,16,0,16,9,9,True,销售/换货/退货现金回款（含道具）
2025-11-17,2786.0,0.0,2786.0,0.0,0.0,0.0,2786.0,2786.0,2786.0,2786.0,0.0,0.0,0.0,24,0,24,9,9,True,销售/换货/退货现金回款（含道具）
2025-11-18,1391.0,0.0,1391.0,0.0,0.0,0.0,1391.0,1391.0,1391.0,1391.0,0.0,0.0,0.0,19,0,19,7,7,True,销售/换货/退货现金回款（含道具）
2025-11-19,5539.02,-630.02,4909.0,0.0,0.0,0.0,4909.0,4909.0,3112.0,5224.0,0.0,-315.0,2588.0,48,-2,46,18,18,True,销售/换货/退货现金回款（含道具）
2025-11-20,1893.0,-139.0,1754.0,0.0,0.0,0.0,1754.0,1754.0,1893.0,1893.0,0.0,-139.0,0.0,15,-1,14,9,9,True,销售/换货/退货现金回款（含道具）
2025-11-21,2441.4,-130.4,2311.0,0.0,0.0,0.0,2311.0,2311.0,2311.0,2287.0,24.0,0.0,2000.0,21,-1,20,12,12,True,销售/换货/退货现金回款（含道具）
2025-11-22,2910.0,-95.0,2815.0,156.0,0.0,156.0,2971.0,2971.0,2971.0,2927.0,44.0,0.0,0.0,23,-1,22,14,16,True,销售/换货/退货现金回款（含道具）
2025-11-23,6619.61,-225.0,6394.61,132.39,0.0,132.39,6527.0,6527.0,6302.0,6752.0,0.0,-225.0,0.0,47,-3,44,15,15,True,销售/换货/退货现金回款（含道具）
2025-11-24,2471.45,-165.45,2306.0,306.0,-89.0,217.0,2523.0,2523.0,2366.0,2612.0,0.0,-89.0,0.0,15,-1,14,8,13,True,销售/换货/退货现金回款（含道具）
2025-11-25,1903.0,0.0,1903.0,0.0,0.0,0.0,1903.0,1903.0,1903.0,1903.0,0.0,0.0,0.0,12,0,12,6,6,True,销售/换货/退货现金回款（含道具）
2025-11-26,2177.34,-446.34,1731.0,0.0,0.0,0.0,1731.0,1731.0,1731.0,1731.0,0.0,0.0,0.0,19,-1,18,9,9,True,销售/换货/退货现金回款（含道具）
2025-11-27,1730.08,-648.0,1082.08,129.92,0.0,129.92,1212.0,1212.0,1212.0,1212.0,0.0,0.0,0.0,7,-1,6,5,5,True,销售/换货/退货现金回款（含道具）
2025-11-28,3830.75,-850.9,2979.85,156.15,0.0,156.15,3136.0,3136.0,3136.0,3136.0,0.0,0.0,0.0,23,-4,19,12,12,True,销售/换货/退货现金回款（含道具）
2025-11-29,2776.46,0.0,2776.46,66.54,0.0,66.54,2843.0,2843.0,2843.0,2843.0,0.0,0.0,0.0,24,0,24,12,12,True,销售/换货/退货现金回款（含道具）
2025-11-30,3766.0,0.0,3766.0,0.0,0.0,0.0,3766.0,3766.0,3072.0,3766.0,0.0,0.0,1000.0,28,0,28,14,14,True,销售/换货/退货现金回款（含道具）
2025-12-01,2637.6,-511.6,2126.0,0.0,0.0,0.0,2126.0,2126.0,2126.0,1644.0,482.0,0.0,0.0,22,-2,20,9,9,True,销售/换货/退货现金回款（含道具）
2025-12-02,2253.0,0.0,2253.0,0.0,0.0,0.0,2253.0,2253.0,1509.0,2253.0,0.0,0.0,0.0,28,0,28,7,7,True,销售/换货/退货现金回款（含道具）
2025-12-03,2089.0,-744.0,1345.0,0.0,0.0,0.0,1345.0,1345.0,1470.0,2089.0,0.0,-744.0,0.0,14,-3,11,7,7,True,销售/换货/退货现金回款（含道具）
2025-12-04,1009.0,0.0,1009.0,148.0,0.0,148.0,1157.0,1157.0,1157.0,1157.0,0.0,0.0,0.0,6,0,6,4,6,True,销售/换货/退货现金回款（含道具）
2025-12-05,1680.27,-216.27,1464.0,70.0,0.0,70.0,1534.0,1534.0,1040.0,1534.0,0.0,0.0,2000.0,13,-1,12,6,7,True,销售/换货/退货现金回款（含道具）
2025-12-06,2612.96,-337.96,2275.0,0.0,0.0,0.0,2275.0,2275.0,2275.0,2275.0,0.0,0.0,0.0,23,-2,21,13,13,True,销售/换货/退货现金回款（含道具）
2025-12-07,4962.79,-382.79,4580.0,61.0,0.0,61.0,4641.0,4641.0,4641.0,4641.0,0.0,0.0,0.0,33,-2,31,13,14,True,销售/换货/退货现金回款（含道具）
2025-12-08,476.84,-259.78,217.06,95.94,0.0,95.94,313.0,313.0,313.0,313.0,0.0,0.0,0.0,12,-2,10,3,3,True,销售/换货/退货现金回款（含道具）
2025-12-09,699.0,0.0,699.0,0.0,0.0,0.0,699.0,699.0,699.0,699.0,0.0,0.0,0.0,8,0,8,4,4,True,销售/换货/退货现金回款（含道具）
2025-12-10,2405.0,0.0,2405.0,0.0,0.0,0.0,2405.0,2405.0,2405.0,2405.0,0.0,0.0,0.0,12,0,12,5,5,True,销售/换货/退货现金回款（含道具）
2025-12-11,766.0,0.0,766.0,0.0,0.0,0.0,766.0,766.0,766.0,766.0,0.0,0.0,0.0,9,0,9,4,4,True,销售/换货/退货现金回款（含道具）
2025-12-12,1835.0,-555.0,1280.0,0.0,0.0,0.0,1280.0,1280.0,1280.0,921.0,359.0,0.0,0.0,15,-3,12,7,7,True,销售/换货/退货现金回款（含道具）
2025-12-13,5244.0,-271.0,4973.0,139.0,0.0,139.0,5112.0,5112.0,5112.0,5112.0,0.0,0.0,0.0,36,-1,35,19,21,True,销售/换货/退货现金回款（含道具）
2025-12-14,4882.0,-157.0,4725.0,0.0,0.0,0.0,4725.0,4725.0,4725.0,4882.0,0.0,-157.0,0.0,30,-1,29,15,15,True,销售/换货/退货现金回款（含道具）
2025-12-15,2088.85,-148.85,1940.0,0.0,0.0,0.0,1940.0,1940.0,1940.0,1940.0,0.0,0.0,0.0,15,-3,12,9,9,True,销售/换货/退货现金回款（含道具）
2025-12-16,1696.26,0.0,1696.26,69.74,0.0,69.74,1766.0,1766.0,1697.0,1766.0,0.0,0.0,0.0,17,0,17,7,7,True,销售/换货/退货现金回款（含道具）
2025-12-17,2391.9,-147.9,2244.0,0.0,0.0,0.0,2244.0,2244.0,2244.0,2244.0,0.0,0.0,0.0,20,-1,19,12,12,True,销售/换货/退货现金回款（含道具）
2025-12-18,2177.8,-138.8,2039.0,0.0,0.0,0.0,2039.0,2039.0,2039.0,2039.0,0.0,0.0,0.0,29,-1,28,11,11,True,销售/换货/退货现金回款（含道具）
2025-12-19,2070.0,0.0,2070.0,0.0,0.0,0.0,2070.0,2070.0,1596.0,2070.0,0.0,0.0,0.0,15,0,15,6,6,True,销售/换货/退货现金回款（含道具）
2025-12-20,2002.9,-78.9,1924.0,0.0,0.0,0.0,1924.0,1924.0,1924.0,1924.0,0.0,0.0,0.0,17,-1,16,9,9,True,销售/换货/退货现金回款（含道具）
2025-12-21,2366.43,-135.43,2231.0,0.0,0.0,0.0,2231.0,2231.0,2231.0,2231.0,0.0,0.0,0.0,20,-1,19,10,10,True,销售/换货/退货现金回款（含道具）
2025-12-22,1139.0,-174.0,965.0,0.0,0.0,0.0,965.0,965.0,965.0,1139.0,0.0,-174.0,0.0,11,-1,10,6,6,True,销售/换货/退货现金回款（含道具）
2025-12-23,2003.0,-218.0,1785.0,0.0,0.0,0.0,1785.0,1785.0,1785.0,1785.0,0.0,0.0,0.0,16,-1,15,9,9,True,销售/换货/退货现金回款（含道具）
2025-12-24,3205.0,0.0,3205.0,0.0,0.0,0.0,3205.0,3205.0,3205.0,3205.0,0.0,0.0,0.0,32,0,32,9,9,True,销售/换货/退货现金回款（含道具）
2025-12-25,1237.56,-164.56,1073.0,0.0,0.0,0.0,1073.0,1073.0,1073.0,1189.0,0.0,-116.0,0.0,11,-2,9,8,8,True,销售/换货/退货现金回款（含道具）
2025-12-26,1444.0,0.0,1444.0,0.0,0.0,0.0,1444.0,1444.0,1444.0,1444.0,0.0,0.0,0.0,17,0,17,6,6,True,销售/换货/退货现金回款（含道具）
2025-12-27,5307.51,0.0,5307.51,156.49,0.0,156.49,5464.0,5464.0,5464.0,5464.0,0.0,0.0,0.0,55,0,55,14,14,True,销售/换货/退货现金回款（含道具）
2025-12-28,3179.73,-556.73,2623.0,0.0,0.0,0.0,2623.0,2623.0,2623.0,2585.0,38.0,0.0,0.0,29,-3,26,15,15,True,销售/换货/退货现金回款（含道具）
2025-12-29,2400.0,-218.0,2182.0,0.0,0.0,0.0,2182.0,2182.0,2182.0,2400.0,0.0,-218.0,0.0,12,-1,11,9,9,True,销售/换货/退货现金回款（含道具）
2025-12-30,2745.0,-384.0,2361.0,0.0,0.0,0.0,2361.0,2361.0,2361.0,2745.0,0.0,-384.0,0.0,25,-2,23,12,12,True,销售/换货/退货现金回款（含道具）
2025-12-31,2593.0,-302.0,2291.0,70.0,0.0,70.0,2361.0,2361.0,2189.0,2418.0,71.0,-128.0,0.0,30,-2,28,14,15,True,销售/换货/退货现金回款（含道具）
2026-01-01,2060.0,0.0,2060.0,0.0,0.0,0.0,2060.0,2060.0,2060.0,2060.0,0.0,0.0,0.0,19,0,19,11,11,True,销售/换货/退货现金回款（含道具）
2026-01-02,5399.0,0.0,5399.0,87.0,0.0,87.0,5486.0,5486.0,5486.0,5486.0,0.0,0.0,0.0,58,0,58,21,22,True,销售/换货/退货现金回款（含道具）
2026-01-03,2713.09,-596.09,2117.0,178.0,-154.0,24.0,2141.0,2141.0,2141.0,2146.0,84.0,-89.0,0.0,19,-3,16,11,14,True,销售/换货/退货现金回款（含道具）
2026-01-04,2679.14,0.0,2679.14,60.86,0.0,60.86,2740.0,2740.0,2740.0,2740.0,0.0,0.0,0.0,18,0,18,7,7,True,销售/换货/退货现金回款（含道具）
2026-01-05,2538.0,-209.0,2329.0,0.0,0.0,0.0,2329.0,2329.0,2329.0,2329.0,0.0,0.0,0.0,22,-1,21,9,9,True,销售/换货/退货现金回款（含道具）
2026-01-06,1128.0,0.0,1128.0,0.0,0.0,0.0,1128.0,1128.0,1128.0,1128.0,0.0,0.0,0.0,10,0,10,7,7,True,销售/换货/退货现金回款（含道具）
2026-01-07,1913.0,0.0,1913.0,148.0,0.0,148.0,2061.0,2061.0,2061.0,2061.0,0.0,0.0,0.0,20,0,20,9,10,True,销售/换货/退货现金回款（含道具）
2026-01-08,3098.44,-313.44,2785.0,237.0,0.0,237.0,3022.0,3022.0,3022.0,3011.0,11.0,0.0,0.0,30,-2,28,11,13,True,销售/换货/退货现金回款（含道具）
2026-01-09,1194.63,-39.63,1155.0,0.0,0.0,0.0,1155.0,1155.0,1155.0,1155.0,0.0,0.0,0.0,11,-1,10,5,5,True,销售/换货/退货现金回款（含道具）
2026-01-10,2892.0,0.0,2892.0,79.0,0.0,79.0,2971.0,2971.0,2971.0,2971.0,0.0,0.0,0.0,24,0,24,11,12,True,销售/换货/退货现金回款（含道具）
2026-01-11,1425.0,0.0,1425.0,237.0,0.0,237.0,1662.0,1662.0,1662.0,1662.0,0.0,0.0,0.0,19,0,19,8,8,True,销售/换货/退货现金回款（含道具）
2026-01-12,492.0,0.0,492.0,69.0,0.0,69.0,561.0,561.0,561.0,561.0,0.0,0.0,0.0,4,0,4,3,3,True,销售/换货/退货现金回款（含道具）
2026-01-13,732.0,-77.0,655.0,89.0,0.0,89.0,744.0,744.0,744.0,732.0,12.0,0.0,0.0,12,-1,11,5,6,True,销售/换货/退货现金回款（含道具）
2026-01-14,546.0,0.0,546.0,89.0,0.0,89.0,635.0,635.0,635.0,635.0,0.0,0.0,0.0,9,0,9,4,4,True,销售/换货/退货现金回款（含道具）
2026-01-15,612.0,0.0,612.0,0.0,0.0,0.0,612.0,612.0,612.0,612.0,0.0,0.0,0.0,6,0,6,3,3,True,销售/换货/退货现金回款（含道具）
2026-01-16,4041.5,-99.5,3942.0,0.0,0.0,0.0,3942.0,3942.0,3942.0,3868.0,74.0,0.0,0.0,29,-1,28,10,10,True,销售/换货/退货现金回款（含道具）
2026-01-17,2257.0,0.0,2257.0,0.0,0.0,0.0,2257.0,2257.0,2257.0,2257.0,0.0,0.0,0.0,31,0,31,15,15,True,销售/换货/退货现金回款（含道具）
2026-01-18,3238.04,-167.92,3070.12,0.0,0.0,0.0,3070.12,3070.12,3070.12,3055.0,15.12,0.0,0.0,27,-1,26,12,12,True,销售/换货/退货现金回款（含道具）
2026-01-19,1333.0,0.0,1333.0,0.0,0.0,0.0,1333.0,1333.0,1333.0,1333.0,0.0,0.0,0.0,9,0,9,3,3,True,销售/换货/退货现金回款（含道具）
2026-01-20,3730.69,-141.69,3589.0,0.0,0.0,0.0,3589.0,3589.0,3589.0,3527.0,62.0,0.0,0.0,17,-1,16,10,10,True,销售/换货/退货现金回款（含道具）
2026-01-21,269.0,0.0,269.0,0.0,0.0,0.0,269.0,269.0,269.0,269.0,0.0,0.0,0.0,4,0,4,3,3,True,销售/换货/退货现金回款（含道具）
2026-01-22,1549.0,-172.47,1376.53,247.0,0.0,247.0,1623.53,1623.53,1623.53,1796.0,0.0,-172.47,0.0,16,-1,15,6,8,True,销售/换货/退货现金回款（含道具）
2026-01-23,2090.0,0.0,2090.0,450.0,0.0,450.0,2540.0,2540.0,2540.0,2540.0,0.0,0.0,0.0,22,0,22,7,8,True,销售/换货/退货现金回款（含道具）
2026-01-24,3265.72,-95.0,3170.72,58.28,0.0,58.28,3229.0,3229.0,3229.0,3185.0,44.0,0.0,0.0,24,-1,23,12,12,True,销售/换货/退货现金回款（含道具）
2026-01-25,6715.0,-362.0,6353.0,0.0,0.0,0.0,6353.0,6353.0,6353.0,6715.0,0.0,-362.0,0.0,41,-2,39,18,18,True,销售/换货/退货现金回款（含道具）
2026-01-26,2391.12,-248.0,2143.12,78.88,0.0,78.88,2222.0,2222.0,2222.0,2470.0,0.0,-248.0,0.0,20,-1,19,10,10,True,销售/换货/退货现金回款（含道具）
2026-01-27,2277.3,-262.0,2015.3,305.7,0.0,305.7,2321.0,2321.0,2321.0,2268.0,53.0,0.0,0.0,18,-1,17,11,12,True,销售/换货/退货现金回款（含道具）
2026-01-28,4202.31,-436.31,3766.0,570.0,0.0,570.0,4336.0,4336.0,4336.0,4300.0,36.0,0.0,0.0,29,-2,27,10,13,True,销售/换货/退货现金回款（含道具）
2026-01-29,3277.0,-296.0,2981.0,0.0,0.0,0.0,2981.0,2981.0,2981.0,2961.0,20.0,0.0,0.0,24,-2,22,14,14,True,销售/换货/退货现金回款（含道具）
2026-01-30,5722.97,-517.97,5205.0,0.0,0.0,0.0,5205.0,5205.0,5205.0,5237.0,315.0,-347.0,0.0,53,-5,48,15,15,True,销售/换货/退货现金回款（含道具）
2026-01-31,2209.0,0.0,2209.0,89.0,0.0,89.0,2298.0,2298.0,2298.0,2298.0,0.0,0.0,0.0,27,0,27,11,11,True,销售/换货/退货现金回款（含道具）
2026-02-01,2537.0,-465.0,2072.0,0.0,0.0,0.0,2072.0,2072.0,1911.0,2537.0,0.0,-465.0,0.0,38,-4,34,18,18,True,销售/换货/退货现金回款（含道具）
2026-02-02,2719.0,0.0,2719.0,149.0,0.0,149.0,2868.0,2868.0,2868.0,2868.0,0.0,0.0,0.0,29,0,29,10,11,True,销售/换货/退货现金回款（含道具）
2026-02-03,4632.0,0.0,4632.0,69.0,0.0,69.0,4701.0,4701.0,4701.0,4701.0,0.0,0.0,0.0,38,0,38,14,15,True,销售/换货/退货现金回款（含道具）
2026-02-04,1972.98,-10.98,1962.0,89.0,0.0,89.0,2051.0,2051.0,2051.0,2045.0,6.0,0.0,0.0,26,-1,25,10,11,True,销售/换货/退货现金回款（含道具）
2026-02-05,1033.0,-149.0,884.0,79.0,0.0,79.0,963.0,963.0,963.0,1112.0,0.0,-149.0,0.0,13,-1,12,9,9,True,销售/换货/退货现金回款（含道具）
2026-02-06,3765.24,-149.24,3616.0,0.0,0.0,0.0,3616.0,3616.0,3616.0,3293.0,323.0,0.0,0.0,34,-1,33,13,13,True,销售/换货/退货现金回款（含道具）
2026-02-07,3739.0,0.0,3739.0,0.0,0.0,0.0,3739.0,3739.0,3739.0,3739.0,0.0,0.0,0.0,42,0,42,18,18,True,销售/换货/退货现金回款（含道具）
2026-02-08,3132.0,0.0,3132.0,0.0,0.0,0.0,3132.0,3132.0,3132.0,3132.0,0.0,0.0,0.0,24,0,24,10,10,True,销售/换货/退货现金回款（含道具）
2026-02-09,1787.0,0.0,1787.0,0.0,0.0,0.0,1787.0,1787.0,1787.0,1787.0,0.0,0.0,0.0,20,0,20,10,10,True,销售/换货/退货现金回款（含道具）
2026-02-10,3033.0,0.0,3033.0,0.0,0.0,0.0,3033.0,3033.0,3033.0,3033.0,0.0,0.0,0.0,29,0,29,16,16,True,销售/换货/退货现金回款（含道具）
2026-02-11,1799.8,-50.94,1748.86,626.07,-138.93,487.14,2236.0,2236.0,2236.0,2236.0,0.0,0.0,0.0,25,-1,24,13,13,True,销售/换货/退货现金回款（含道具）
2026-02-12,1820.64,0.0,1820.64,304.36,0.0,304.36,2125.0,2125.0,2125.0,2125.0,0.0,0.0,0.0,27,0,27,12,12,True,销售/换货/退货现金回款（含道具）
2026-02-13,3505.64,0.0,3505.64,3042.86,-209.5,2833.36,6339.0,6339.0,6339.0,6325.0,14.0,0.0,0.0,37,0,37,19,24,True,销售/换货/退货现金回款（含道具）
2026-02-14,3871.8,0.0,3871.8,1353.2,0.0,1353.2,5225.0,5225.0,5225.0,5225.0,0.0,0.0,0.0,41,0,41,18,20,True,销售/换货/退货现金回款（含道具）
2026-02-15,2531.84,-160.66,2371.18,2554.82,0.0,2554.82,4926.0,4926.0,4926.0,4152.0,774.0,0.0,0.0,28,-1,27,15,17,True,销售/换货/退货现金回款（含道具）
2026-02-16,1572.29,0.0,1572.29,1493.71,-175.0,1318.71,2891.0,2891.0,2891.0,2770.0,121.0,0.0,0.0,22,0,22,13,15,True,销售/换货/退货现金回款（含道具）
2026-02-17,1198.0,0.0,1198.0,700.0,0.0,700.0,1898.0,1898.0,1898.0,1898.0,0.0,0.0,0.0,13,0,13,7,9,True,销售/换货/退货现金回款（含道具）
2026-02-18,831.0,0.0,831.0,0.0,0.0,0.0,831.0,831.0,831.0,831.0,0.0,0.0,0.0,8,0,8,4,4,True,销售/换货/退货现金回款（含道具）
2026-02-19,62.0,0.0,62.0,0.0,0.0,0.0,62.0,62.0,62.0,62.0,0.0,0.0,0.0,1,0,1,1,1,True,销售/换货/退货现金回款（含道具）
2026-02-20,1087.9,-37.89,1050.01,514.99,0.0,514.99,1565.0,1565.0,1565.0,1565.0,0.0,0.0,0.0,26,-3,23,8,8,True,销售/换货/退货现金回款（含道具）
2026-02-21,706.26,0.0,706.26,1469.81,-367.07,1102.74,1809.0,1809.0,1809.0,1727.0,82.0,0.0,0.0,12,0,12,5,9,True,销售/换货/退货现金回款（含道具）
2026-02-22,1232.64,0.0,1232.64,972.36,0.0,972.36,2205.0,2205.0,2205.0,2205.0,0.0,0.0,0.0,13,0,13,8,8,True,销售/换货/退货现金回款（含道具）
2026-02-23,825.43,0.0,825.43,1473.57,0.0,1473.57,2299.0,2299.0,2299.0,2299.0,0.0,0.0,0.0,15,0,15,5,8,True,销售/换货/退货现金回款（含道具）
2026-02-24,1021.81,0.0,1021.81,1413.19,0.0,1413.19,2435.0,2435.0,1403.0,2435.0,0.0,0.0,0.0,12,0,12,7,7,True,销售/换货/退货现金回款（含道具）
2026-02-25,1629.0,0.0,1629.0,513.0,-192.0,321.0,1950.0,1950.0,1950.0,1874.0,76.0,0.0,0.0,14,0,14,7,9,True,销售/换货/退货现金回款（含道具）
2026-02-26,2267.64,0.0,2267.64,862.36,0.0,862.36,3130.0,3130.0,3130.0,3130.0,0.0,0.0,0.0,22,0,22,8,9,True,销售/换货/退货现金回款（含道具）
2026-02-27,1917.21,-99.5,1817.71,582.29,0.0,582.29,2400.0,2400.0,2400.0,2400.0,0.0,0.0,0.0,24,-1,23,10,10,True,销售/换货/退货现金回款（含道具）
2026-02-28,1017.98,0.0,1017.98,458.02,0.0,458.02,1476.0,1476.0,1476.0,1476.0,0.0,0.0,0.0,13,0,13,6,7,True,销售/换货/退货现金回款（含道具）
2026-03-01,1932.82,0.0,1932.82,1496.18,0.0,1496.18,3429.0,3429.0,3429.0,3429.0,0.0,0.0,0.0,20,0,20,11,13,True,销售/换货/退货现金回款（含道具）
2026-03-02,2279.53,-355.55,1923.98,1932.47,-209.45,1723.02,3647.0,3647.0,3647.0,4212.0,0.0,-565.0,0.0,28,-3,25,13,16,True,销售/换货/退货现金回款（含道具）
2026-03-03,678.48,0.0,678.48,679.52,0.0,679.52,1358.0,1358.0,1358.0,1358.0,0.0,0.0,0.0,11,0,11,4,5,True,销售/换货/退货现金回款（含道具）
2026-03-04,1632.93,0.0,1632.93,1986.07,0.0,1986.07,3619.0,3619.0,3619.0,3619.0,0.0,0.0,0.0,26,0,26,10,10,True,销售/换货/退货现金回款（含道具）
2026-03-05,1913.25,0.0,1913.25,821.75,0.0,821.75,2735.0,2735.0,2735.0,2735.0,0.0,0.0,0.0,22,0,22,7,8,True,销售/换货/退货现金回款（含道具）
2026-03-06,929.06,0.0,929.06,566.94,0.0,566.94,1496.0,1496.0,1496.0,1496.0,0.0,0.0,0.0,11,0,11,6,7,True,销售/换货/退货现金回款（含道具）
2026-03-07,2181.05,-64.0,2117.05,2300.02,-183.07,2116.95,4234.0,4234.0,4234.0,4208.0,26.0,0.0,0.0,42,-1,41,13,17,True,销售/换货/退货现金回款（含道具）
2026-03-08,2171.76,-424.79,1746.97,1461.03,0.0,1461.03,3208.0,3208.0,3049.0,3087.0,121.0,0.0,0.0,28,-3,25,13,15,True,销售/换货/退货现金回款（含道具）
2026-03-09,1421.93,-262.0,1159.93,208.07,0.0,208.07,1368.0,1368.0,1368.0,1630.0,0.0,-262.0,0.0,11,-1,10,7,7,True,销售/换货/退货现金回款（含道具）
2026-03-10,474.0,0.0,474.0,590.0,-243.0,347.0,821.0,821.0,821.0,856.0,-35.0,0.0,0.0,6,0,6,5,8,True,销售/换货/退货现金回款（含道具）
2026-03-11,879.8,0.0,879.8,999.2,0.0,999.2,1879.0,1879.0,1879.0,1879.0,0.0,0.0,0.0,16,0,16,9,10,True,销售/换货/退货现金回款（含道具）
2026-03-12,1864.0,-156.0,1708.0,360.0,0.0,360.0,2068.0,2068.0,2068.0,2068.0,0.0,0.0,0.0,35,-3,32,9,12,True,销售/换货/退货现金回款（含道具）
2026-03-13,1840.71,0.0,1840.71,1929.29,0.0,1929.29,3770.0,3770.0,3770.0,3770.0,0.0,0.0,0.0,14,0,14,5,7,True,销售/换货/退货现金回款（含道具）
2026-03-14,1192.4,-105.2,1087.2,982.48,-425.68,556.8,1644.0,1644.0,1644.0,1827.0,35.0,-218.0,0.0,19,-2,17,8,13,True,销售/换货/退货现金回款（含道具）
2026-03-15,1600.52,0.0,1600.52,435.48,0.0,435.48,2036.0,2036.0,2036.0,2036.0,0.0,0.0,0.0,27,0,27,10,12,True,销售/换货/退货现金回款（含道具）
2026-03-16,562.0,0.0,562.0,0.0,0.0,0.0,562.0,562.0,562.0,562.0,0.0,0.0,0.0,6,0,6,2,2,True,销售/换货/退货现金回款（含道具）
