sku,color,product_major_type,product_middle_type,gross_sales_amount,return_offset_amount,net_sales_amount,gross_sales_qty,return_offset_qty,net_sales_qty,order_count
TND1Y81001X,灰蓝色,衣着系列,羽绒系列,5182.93,0.0,5182.93,10,0,10,10
TNX1Y90914Z,紫红色,衣着系列,防晒服,5665.52,-824.15,4841.37,21,-3,18,20
TND1Y81002X,藕粉色,衣着系列,羽绒系列,4599.91,0.0,4599.91,8,0,8,8
TND1Y81001X,杏粉色,衣着系列,羽绒系列,4539.5,0.0,4539.5,9,0,9,9
TNX1T20195Z,白色,衣着系列,衣类,4114.98,-191.49,3923.49,35,-2,33,35
TNX1Y90915X,米黄色,衣着系列,衣类,4288.36,-617.17,3671.19,23,-3,20,24
TND1B80998X,浅咖色,衣着系列,羽绒系列,3627.58,0.0,3627.58,16,0,16,16
TNQ2K50310,款色,内裤,常规内裤,3708.08,-184.94,3523.14,59,-3,56,48
TNX1Y90914Z,灰色,衣着系列,防晒服,3823.24,-359.0,3464.24,15,-1,14,16
TND1Y81000X,浅咖色,衣着系列,羽绒系列,3595.7,-255.14,3340.56,12,-1,11,12
TND1Y81002X,藏青色,衣着系列,羽绒系列,3939.82,-648.0,3291.82,7,-1,6,8
TNX1K60603X,橘粉色,衣着系列,裤类,3445.64,-304.33,3141.31,32,-3,29,35
TNX1Y90914Z,绿色,衣着系列,防晒服,3448.21,-359.0,3089.21,13,-1,12,13
TNX1K60604X,深咖色,衣着系列,裤类,3081.59,0.0,3081.59,28,0,28,28
TNX1T20182X,白色,衣着系列,衣类,3258.6,-182.84,3075.76,41,-2,39,41
TND1Y81000X,米灰色,衣着系列,羽绒系列,3073.46,0.0,3073.46,10,0,10,10
TND1Y81005Z,咖色,衣着系列,羽绒系列,3500.87,-438.26,3062.61,8,-1,7,8
TNX1T20182X,米黄色,衣着系列,衣类,3039.82,-61.78,2978.04,41,-1,40,41
TNX1W60619,白色,袜品,连裤袜,3251.13,-283.76,2967.37,102,-9,93,54
TNX1K60613Z,紫红色,衣着系列,裤类,3249.76,-310.43,2939.33,23,-2,21,23
TND1K60650,深麻灰,衣着系列,裤类,3221.05,-331.6,2889.45,19,-2,17,21
TND1K60650,浅麻灰,衣着系列,裤类,3145.16,-348.34,2796.82,19,-2,17,20
TND1Y81005Z,灰紫色,衣着系列,羽绒系列,3281.72,-498.0,2783.72,8,-1,7,9
TNX1K60614Z,藏青色,衣着系列,裤类,3184.45,-426.62,2757.83,21,-3,18,19
TNX1Y90912Z,米白色,衣着系列,防晒服,2968.18,-218.0,2750.18,14,-1,13,14
TNX1T20177X,蓝色,衣着系列,衣类,2992.67,-311.29,2681.38,20,-2,18,22
TND1Y81000X,芥绿色,衣着系列,羽绒系列,3527.06,-944.82,2582.24,12,-3,9,15
TNX1K60599X,藏青色,衣着系列,裤类,2992.46,-428.25,2564.21,30,-4,26,32
TNQ2B91024X,款色,衣着系列,衣类,2653.85,-102.04,2551.81,26,-1,25,27
TNX1K60613Z,浅灰色,衣着系列,裤类,2683.83,-135.03,2548.8,19,-1,18,19
TNX1T20195Z,灰紫色,衣着系列,衣类,2527.13,0.0,2527.13,22,0,22,21
TND1K60650,黑色,衣着系列,裤类,2641.18,-135.21,2505.97,16,-1,15,15
TNX1T20177X,米色,衣着系列,衣类,2602.95,-137.29,2465.66,19,-1,18,20
TNX1T20187Z,白色,衣着系列,衣类,3259.77,-813.46,2446.31,36,-9,27,30
TNX1T20195Z,粉色,衣着系列,衣类,2457.13,-128.36,2328.77,21,-1,20,22
TND1Y81007Z,藏青色,衣着系列,羽绒系列,2752.23,-446.34,2305.89,6,-1,5,6
TND1Y81006Z,深灰色,衣着系列,羽绒系列,2305.37,0.0,2305.37,8,0,8,8
TNX1K60614Z,粉色,衣着系列,裤类,2472.39,-171.77,2300.62,16,-1,15,17
TNC1K60597Z,紫色,衣着系列,裤类,2520.25,-231.99,2288.26,21,-2,19,22
TNX2K10237,款色,内裤,常规内裤,2525.63,-241.42,2284.21,53,-4,49,54
TND1Y81007Z,黄绿色,衣着系列,羽绒系列,2739.77,-461.81,2277.96,6,-1,5,7
TNQ3K50321,款色,内裤,常规内裤,2353.85,-99.5,2254.35,23,-1,22,22
TND1B80999X,杏粉色,衣着系列,羽绒系列,2162.12,0.0,2162.12,9,0,9,9
TNX1K60604X,米灰色,衣着系列,裤类,2144.29,0.0,2144.29,19,0,19,18
TNQ2K50298,款色,内裤,常规内裤,2172.48,-42.91,2129.57,42,-1,41,43
TNX1K60603X,米白色,衣着系列,裤类,2110.03,0.0,2110.03,20,0,20,18
TNX2K50263,款色,内裤,常规内裤,2236.7,-151.67,2085.03,51,-3,48,51
TNX1K60609Z,奶白色,衣着系列,裤类,2304.33,-228.41,2075.92,12,-1,11,13
TND1Y81006Z,灰粉色,衣着系列,羽绒系列,2686.83,-612.78,2074.05,9,-2,7,10
TNX1K60610Z,卡其色,衣着系列,裤类,2211.72,-138.46,2073.26,16,-1,15,17
TNX1K60613Z,浅绿色,衣着系列,裤类,2344.06,-273.34,2070.72,17,-2,15,18
TND1B80998X,芥绿色,衣着系列,羽绒系列,2522.25,-469.93,2052.32,11,-2,9,13
TNQ1Y81018X,咖绿色,衣着系列,衣类,2043.65,0.0,2043.65,10,0,10,10
TNX1Y90915X,浅绿色,衣着系列,衣类,2290.41,-248.0,2042.41,12,-1,11,13
TNX3K50282,款色,内裤,常规内裤,2294.36,-256.0,2038.36,25,-2,23,24
TND1Y90977X,杏色,衣着系列,衣类,2034.86,0.0,2034.86,14,0,14,14
TNX1Y90912Z,紫色,衣着系列,防晒服,2017.92,0.0,2017.92,10,0,10,10
TNX1K60600X,藏青色,衣着系列,裤类,2185.91,-173.09,2012.82,25,-2,23,26
TND1Y81007Z,冰蓝色,衣着系列,羽绒系列,2005.71,0.0,2005.71,4,0,4,4
TNX1K60599X,米灰色,衣着系列,裤类,1995.33,0.0,1995.33,20,0,20,20
TNQ2K50307,款色,内裤,常规内裤,1987.88,0.0,1987.88,41,0,41,40
TND1Y90977X,紫色,衣着系列,衣类,2266.54,-287.2,1979.34,15,-2,13,16
TNQ2B91040X,款色,衣着系列,衣类,2210.71,-232.0,1978.71,22,-2,20,24
TNQ1K60634X,藏青色,衣着系列,裤类,2906.26,-952.43,1953.83,15,-5,10,18
TND1W60626,深麻灰,袜品,连裤袜,2244.03,-298.0,1946.03,24,-3,21,25
TNQ1Y81014X,杏色,衣着系列,衣类,1926.24,0.0,1926.24,10,0,10,10
TND1K60632X,卡其色,衣着系列,羽绒系列,1911.39,0.0,1911.39,7,0,7,7
TNQ2K50294,款色,内裤,常规内裤,1898.38,0.0,1898.38,42,0,42,40
TND1W60626,白色,袜品,连裤袜,1997.3,-103.0,1894.3,21,-1,20,22
TND1K60641X,咖绿色,衣着系列,裤类,1874.82,0.0,1874.82,11,0,11,11
TND1K60632X,黑灰色,衣着系列,羽绒系列,2197.19,-323.77,1873.42,7,-1,6,8
TNQ1Y81014X,灰粉色,衣着系列,衣类,1871.55,0.0,1871.55,9,0,9,8
TNX3K50286,款色,内裤,常规内裤,1870.94,0.0,1870.94,22,0,22,21
TND1K60641X,韩粉色,衣着系列,裤类,1855.95,0.0,1855.95,11,0,11,11
TNX1K60608X,米白色,衣着系列,裤类,2099.23,-248.41,1850.82,18,-2,16,19
TNQ1Y90980Z,藏青色,衣着系列,衣类,1850.3,0.0,1850.3,9,0,9,9
TND1Y90977X,浅麻灰,衣着系列,衣类,2001.41,-157.0,1844.41,13,-1,12,14
TNX1K60607X,深灰色,衣着系列,裤类,2047.5,-203.64,1843.86,21,-2,19,22
TNX1K60614Z,米灰色,衣着系列,裤类,1814.09,0.0,1814.09,12,0,12,12
TNQ1Y90922X,红色,衣着系列,儿童内衣套装,1930.54,-128.57,1801.97,16,-1,15,16
TND1B81003Z,咖色,衣着系列,羽绒系列,1794.6,0.0,1794.6,7,0,7,7
TNQ1Y90970X,米白色,衣着系列,衣类,1897.94,-104.0,1793.94,19,-1,18,20
TNX1K60609Z,绿色,衣着系列,裤类,1963.58,-183.9,1779.68,10,-1,9,10
TND1K60641X,浅杏色,衣着系列,裤类,2131.5,-363.73,1767.77,12,-2,10,14
TND1K60639X,中灰色,衣着系列,裤类,1762.55,0.0,1762.55,8,0,8,8
TNQ3K50318,款色,内裤,常规内裤,1860.43,-99.5,1760.93,18,-1,17,16
TND1K60653,深灰色,衣着系列,裤类,1758.81,0.0,1758.81,13,0,13,13
TMX2K50211,款色,内裤,常规内裤,1749.24,0.0,1749.24,41,0,41,40
TNX2K50267,款色,内裤,常规内裤,1775.49,-40.27,1735.22,43,-1,42,43
TNX1K60610Z,深灰色,衣着系列,裤类,1734.62,0.0,1734.62,13,0,13,13
TNX2K10248,款色,内裤,常规内裤,1905.94,-190.42,1715.52,44,-4,40,45
TNQ2K50325,款色,内裤,常规内裤,1791.29,-78.9,1712.39,28,-1,27,24
TNX1Y90912Z,蓝色,衣着系列,防晒服,1888.53,-185.0,1703.53,8,-1,7,8
TNQ1Y81018X,杏粉色,衣着系列,衣类,1695.96,0.0,1695.96,9,0,9,9
TNX2K10236,款色,内裤,常规内裤,1815.5,-120.08,1695.42,40,-2,38,39
TNX2K10243,款色,内裤,常规内裤,1681.14,0.0,1681.14,39,0,39,39
TNX1Y90913Z,渐变色,衣着系列,防晒服,1672.44,0.0,1672.44,7,0,7,6
TNX3K10254,款色,内裤,常规内裤,1733.14,-100.73,1632.41,19,-1,18,18
TNX2K10249,款色,内裤,常规内裤,1676.73,-46.09,1630.64,37,-1,36,37
TNX2K50278,款色,内裤,常规内裤,1628.29,0.0,1628.29,36,0,36,33
TND1B80998X,米灰色,衣着系列,羽绒系列,1825.34,-229.4,1595.94,8,-1,7,9
TNQ1Y80925X,红色,衣着系列,儿童内衣套装,1579.26,0.0,1579.26,14,0,14,13
TNX3K50284,款色,内裤,常规内裤,1578.53,0.0,1578.53,18,0,18,16
TNX1Y90884X,蓝色,衣着系列,家居服,1578.21,0.0,1578.21,10,0,10,9
TNX3K10253,款色,内裤,常规内裤,1560.71,0.0,1560.71,18,0,18,16
TNQ1Y90995X,米白色,衣着系列,家居服,1550.47,0.0,1550.47,6,0,6,6
TNX2K10240,款色,内裤,常规内裤,1703.67,-160.31,1543.36,34,-3,31,34
TND1Y81006Z,浅杏色,衣着系列,羽绒系列,1530.81,0.0,1530.81,5,0,5,5
TNX1K60610Z,米色,衣着系列,裤类,1913.04,-395.82,1517.22,14,-3,11,16
TND1Y80933X,灰色,衣着系列,儿童内衣套装,1773.45,-262.27,1511.18,7,-1,6,7
TND1B81003Z,灰紫色,衣着系列,羽绒系列,2047.34,-542.2,1505.14,8,-2,6,9
TNX2K10250,款色,内裤,常规内裤,1549.62,-46.09,1503.53,36,-1,35,36
TND1Y80944X,米白色,衣着系列,衣类,1503.48,0.0,1503.48,9,0,9,9
TND1K60647Z,浅杏色,衣着系列,裤类,1738.48,-236.31,1502.17,7,-1,6,7
TNX1K60611Z,灰绿色,衣着系列,裤类,1629.97,-130.0,1499.97,15,-1,14,16
TNX1K60612Z,暗紫色,衣着系列,裤类,1821.54,-321.62,1499.92,13,-2,11,15
TND1Y80952X,款色,衣着系列,衣类,1497.79,0.0,1497.79,8,0,8,8
TNX2K50268,款色,内裤,常规内裤,1647.88,-161.46,1486.42,38,-3,35,39
TNQ1K60642Z,黑色,衣着系列,裤类,1694.82,-225.18,1469.64,7,-1,6,7
TNQ1Y90980Z,米白色,衣着系列,衣类,1465.26,0.0,1465.26,7,0,7,7
TNX1K60600X,浅蓝色,衣着系列,裤类,1611.12,-169.14,1441.98,19,-2,17,21
TND1B80999X,灰蓝色,衣着系列,羽绒系列,1440.6,0.0,1440.6,6,0,6,6
TND1Y80935X,藏青色,衣着系列,衣类,1434.94,0.0,1434.94,10,0,10,9
TND1Y90968X,咖色,衣着系列,儿童内衣套装,1427.32,0.0,1427.32,6,0,6,6
TNQ3K10283,款色,内裤,常规内裤,1425.44,0.0,1425.44,14,0,14,14
TNQ1Y90980Z,紫色,衣着系列,衣类,1422.26,0.0,1422.26,7,0,7,6
TNQ2K50297,款色,内裤,常规内裤,1474.3,-52.6,1421.7,28,-1,27,28
TNQ1B91025X,米灰色,衣着系列,衣类,1417.95,0.0,1417.95,17,0,17,16
TNQ3K10284,款色,内裤,常规内裤,1508.98,-99.5,1409.48,14,-1,13,15
TNX1T20183X,橘粉色,衣着系列,衣类,1575.56,-169.28,1406.28,22,-2,20,21
TNX1K60606X,黄色,衣着系列,裤类,1564.14,-160.39,1403.75,13,-1,12,13
TNX3K50283,款色,内裤,常规内裤,1401.12,0.0,1401.12,15,0,15,15
TNX1T20187Z,紫色,衣着系列,衣类,1481.08,-84.93,1396.15,17,-1,16,17
TND1Y80944X,黄色,衣着系列,衣类,1567.82,-174.25,1393.57,9,-1,8,9
TND1Y80933X,浅咖色,衣着系列,儿童内衣套装,1568.4,-178.67,1389.73,7,-1,6,7
TNQ1Y80886X,款色,衣着系列,儿童内衣套装,1387.86,0.0,1387.86,11,0,11,11
TNQ2B91023X,款色,衣着系列,衣类,1379.52,0.0,1379.52,14,0,14,13
TND1Y90960X,款色,衣着系列,儿童内衣套装,1547.07,-172.6,1374.47,9,-1,8,10
TND1Y80940X,款色,衣着系列,衣类,1369.92,0.0,1369.92,9,0,9,9
TNX1K50290,款色,内裤,常规内裤,1364.78,0.0,1364.78,38,0,38,26
TNC1K60596Z,白色,衣着系列,裤类,1361.85,0.0,1361.85,11,0,11,10
TNQ2K10266,款色,内裤,常规内裤,1451.1,-94.77,1356.33,27,-2,25,27
TNC1K60597Z,米白色,衣着系列,裤类,1609.58,-266.84,1342.74,13,-2,11,14
TNQ2K50309,款色,内裤,常规内裤,1394.35,-52.15,1342.2,28,-1,27,28
TNX2K50266,款色,内裤,常规内裤,1404.13,-62.0,1342.13,32,-1,31,33
TNX1K60606X,米白色,衣着系列,裤类,1338.57,0.0,1338.57,11,0,11,11
TNQ2K10279,款色,内裤,常规内裤,1335.01,0.0,1335.01,21,0,21,20
TNX2K50259,款色,内裤,常规内裤,1333.11,0.0,1333.11,29,0,29,28
TNX1K60611Z,灰色,衣着系列,裤类,1327.0,0.0,1327.0,12,0,12,12
TNQ1Y80878X,款色,衣着系列,儿童内衣套装,1427.46,-104.86,1322.6,11,-1,10,11
TNQ1Y81009X,蓝灰色,衣着系列,衣类,1451.22,-130.4,1320.82,12,-1,11,13
TMX3K50213,款色,内裤,常规内裤,1414.46,-95.0,1319.46,17,-1,16,16
TND1W60625,白色,袜品,连裤袜,1314.38,0.0,1314.38,19,0,19,18
TND1Y90968X,米色,衣着系列,儿童内衣套装,1311.5,0.0,1311.5,5,0,5,5
TNQ1Y90919X,款色,衣着系列,儿童内衣套装,1310.72,0.0,1310.72,10,0,10,10
TND1K60652,深麻灰,衣着系列,裤类,1427.23,-121.29,1305.94,12,-1,11,13
TNQ1Y81021X,中灰色,衣着系列,衣类,1305.22,0.0,1305.22,11,0,11,11
TNX2K10232,款色,内裤,常规内裤,1303.52,0.0,1303.52,28,0,28,28
TNX1K60616Z,紫色,衣着系列,裤类,1296.65,0.0,1296.65,13,0,13,13
TNX3K50285,款色,内裤,常规内裤,1294.01,0.0,1294.01,14,0,14,13
TNX1Y90884X,粉色,衣着系列,家居服,2036.12,-744.17,1291.95,12,-4,8,15
TNQ3K10281,款色,内裤,常规内裤,1286.82,0.0,1286.82,11,0,11,11
TNQ1K60642Z,浅麻灰,衣着系列,裤类,1285.58,0.0,1285.58,5,0,5,5
TNX2K50265,款色,内裤,常规内裤,1282.97,0.0,1282.97,31,0,31,29
TNQ1Y80955Z,玫红色,衣着系列,家居服,1280.17,0.0,1280.17,4,0,4,4
TND1Y90955X,款色,衣着系列,儿童内衣套装,1417.89,-143.6,1274.29,9,-1,8,10
TNQ1Y90974X,米灰色,衣着系列,衣类,1264.94,0.0,1264.94,8,0,8,8
TNQ1Y90922X,韩粉色,衣着系列,儿童内衣套装,1263.06,0.0,1263.06,10,0,10,10
TNX1K60615Z,粉色,衣着系列,裤类,1553.77,-296.13,1257.64,12,-2,10,14
TNC1K60595X,米白色,衣着系列,裤类,1344.87,-88.56,1256.31,17,-1,16,17
TNQ1Y90924X,款色,衣着系列,儿童内衣套装,1253.99,0.0,1253.99,10,0,10,10
TNQ1Y80969X,款色,衣着系列,家居服,1522.55,-280.0,1242.55,6,-1,5,7
TNX1K60616Z,米色,衣着系列,裤类,1331.01,-89.0,1242.01,13,-1,12,13
TND1K60645Z,紫红色,衣着系列,裤类,1476.45,-235.82,1240.63,7,-1,6,8
TND1Y91012Z,款色,衣着系列,家居服,1236.49,0.0,1236.49,3,0,3,3
TNX1K60600X,米白色,衣着系列,裤类,1519.28,-299.17,1220.11,18,-3,15,21
TND1Y80937X,款色,衣着系列,衣类,1219.58,0.0,1219.58,8,0,8,8
TND1K60632X,黑色,衣着系列,羽绒系列,1213.97,0.0,1213.97,4,0,4,4
TNX1K60598X,深咖色,衣着系列,裤类,1467.17,-253.34,1213.83,16,-3,13,16
TNX2K50279,款色,内裤,常规内裤,1209.31,0.0,1209.31,27,0,27,25
TND1K60638X,浅麻灰,衣着系列,裤类,1206.32,0.0,1206.32,7,0,7,7
TND1K60654,黑色,衣着系列,裤类,1345.16,-139.16,1206.0,10,-1,9,10
TNQ1Y81017X,松黄色,衣着系列,衣类,1204.49,0.0,1204.49,6,0,6,6
TNQ3K10282,款色,内裤,常规内裤,1200.52,0.0,1200.52,12,0,12,11
TNQ3K50320,款色,内裤,常规内裤,1199.91,0.0,1199.91,13,0,13,12
TND1Y90949X,款色,衣着系列,儿童内衣套装,1367.53,-172.47,1195.06,8,-1,7,7
TNQ1W60624,白色,袜品,连裤袜,1442.02,-253.96,1188.06,23,-4,19,21
TNQ1Y80889X,款色,衣着系列,儿童内衣套装,1316.34,-131.03,1185.31,11,-1,10,12
TNX2K50260,款色,内裤,常规内裤,1183.67,0.0,1183.67,29,0,29,28
TNX1Y90911Z,米灰色,衣着系列,防晒服,1181.06,0.0,1181.06,5,0,5,5
TMX2K50200,款色,内裤,常规内裤,1175.85,0.0,1175.85,24,0,24,24
TNQ1Y81021X,松黄色,衣着系列,衣类,1295.71,-121.3,1174.41,11,-1,10,12
TNX1Y90913Z,浅紫色,衣着系列,防晒服,1456.64,-282.78,1173.86,6,-1,5,7
TNX1Y90875X,款色,衣着系列,家居服,1171.87,0.0,1171.87,6,0,6,6
TNQ1Y90928X,款色,衣着系列,儿童内衣套装,1171.16,0.0,1171.16,9,0,9,9
TNQ1K60634X,浅花灰,衣着系列,裤类,1168.44,0.0,1168.44,6,0,6,6
TNX1T20173X,麻灰色,衣着系列,衣类,1232.82,-66.65,1166.17,19,-1,18,20
TNC1Y90856X,款色,衣着系列,家居服,1166.01,0.0,1166.01,7,0,7,7
TNQ1Y81017X,藏青色,衣着系列,衣类,1302.55,-136.66,1165.89,7,-1,6,8
TND1Y80944X,灰色,衣着系列,衣类,1337.83,-174.0,1163.83,8,-1,7,9
TNX1K60615Z,深灰色,衣着系列,裤类,1163.45,0.0,1163.45,9,0,9,8
TNQ2B81024X,款色,衣着系列,衣类,1264.14,-102.04,1162.1,13,-1,12,12
TND1Y80977Z,玫粉色,衣着系列,家居服,1160.09,0.0,1160.09,4,0,4,4
TNQ1Y81009X,米黄色,衣着系列,衣类,1159.62,0.0,1159.62,10,0,10,10
TND1W60626,黑色,袜品,连裤袜,1344.62,-190.0,1154.62,14,-2,12,15
TNQ1Y80963X,款色,衣着系列,家居服,1153.72,0.0,1153.72,5,0,5,5
TNX1K60616Z,蓝色,衣着系列,裤类,1152.26,0.0,1152.26,11,0,11,11
TND1Y80943X,款色,衣着系列,衣类,1298.46,-147.9,1150.56,9,-1,8,9
TNX2K50257,款色,内裤,常规内裤,1149.24,0.0,1149.24,26,0,26,26
TNX1K60604X,碎花色,衣着系列,裤类,1148.31,0.0,1148.31,11,0,11,11
TNX3K10251,款色,内裤,常规内裤,1321.57,-179.2,1142.37,15,-2,13,14
TND1Y80949Z,款色,衣着系列,衣类,1137.78,0.0,1137.78,5,0,5,5
TNX1K60598X,麻灰色,衣着系列,裤类,1386.7,-249.48,1137.22,16,-3,13,18
TND1Y80917X,米灰色,衣着系列,儿童内衣套装,1137.15,0.0,1137.15,5,0,5,5
TNX2K10228,款色,内裤,常规内裤,1305.85,-171.39,1134.46,26,-3,23,28
TND1Y80935X,米白色,衣着系列,衣类,1133.1,0.0,1133.1,8,0,8,8
TNQ1Y90970X,咖色,衣着系列,衣类,1238.46,-118.0,1120.46,12,-1,11,13
TNX2B80823X,款色,衣着系列,衣类,1119.45,0.0,1119.45,12,0,12,12
TNQ1Y90987D,款色,衣着系列,家居服,1113.46,0.0,1113.46,3,0,3,3
TND1K60647Z,韩粉色,衣着系列,裤类,1105.56,0.0,1105.56,5,0,5,5
TNQ1Y81012Z,蓝咖条,衣着系列,衣类,1451.98,-348.03,1103.95,8,-2,6,9
TNX1T20190Z,灰色,衣着系列,衣类,1265.51,-167.43,1098.08,16,-2,14,17
TND1K60640X,深灰色,衣着系列,裤类,1097.91,0.0,1097.91,6,0,6,6
TNX1K60608X,暗粉色,衣着系列,裤类,1096.81,0.0,1096.81,10,0,10,10
TNQ1Y80925Z,红色,衣着系列,儿童内衣套装,1239.54,-148.0,1091.54,9,-1,8,10
TNC1Y90859X,款色,衣着系列,家居服,1090.97,0.0,1090.97,6,0,6,6
TNQ1K60634X,中灰色,衣着系列,裤类,1297.14,-209.0,1088.14,7,-1,6,8
TND1K60652,深咖色,衣着系列,裤类,1207.03,-122.0,1085.03,11,-1,10,12
TNQ2K50314,款色,内裤,常规内裤,1080.36,0.0,1080.36,21,0,21,20
TNX1K60606X,豆绿色,衣着系列,裤类,1077.58,0.0,1077.58,9,0,9,9
TNQ1Y90940X,款色,衣着系列,儿童内衣套装,1231.91,-157.0,1074.91,8,-1,7,8
TNX1T20187Z,黄绿色,衣着系列,衣类,1150.48,-97.82,1052.66,13,-1,12,13
TND1Y91014D,米色,衣着系列,家居服,1051.83,0.0,1051.83,3,0,3,3
TNQ1Y90982Z,蓝色,衣着系列,衣类,1049.5,0.0,1049.5,8,0,8,8
TOX1Y91080,款色,衣着系列,亲子家居,1310.58,-262.0,1048.58,5,-1,4,6
TNQ1W60627,深麻灰,袜品,连裤袜,1100.08,-63.0,1037.08,18,-1,17,16
TNQ1Y81012Z,紫白条,衣着系列,衣类,1028.32,0.0,1028.32,6,0,6,6
TNX1K60599X,浅咖色,衣着系列,裤类,1093.08,-70.09,1022.99,12,-1,11,13
TNX1K60612Z,米灰色,衣着系列,裤类,1021.77,0.0,1021.77,7,0,7,7
TNX1K60612Z,深灰色,衣着系列,裤类,1019.85,0.0,1019.85,7,0,7,7
TNX2K50269,款色,内裤,常规内裤,1065.11,-46.38,1018.73,24,-1,23,24
TNQ2B80996X,款色,衣着系列,衣类,1009.95,0.0,1009.95,10,0,10,10
TNX1T20173X,米灰色,衣着系列,衣类,1007.68,0.0,1007.68,16,0,16,16
TND1K60652,粉色,衣着系列,裤类,999.36,0.0,999.36,9,0,9,9
TNQ1Y80888X,款色,衣着系列,儿童内衣套装,1130.43,-131.21,999.22,9,-1,8,10
TNX1T20187Z,灰色,衣着系列,衣类,998.41,0.0,998.41,11,0,11,11
TNQ1Y90972X,灰色,衣着系列,衣类,1112.64,-118.0,994.64,11,-1,10,12
TND1K60638X,暗绿色,衣着系列,裤类,1357.69,-363.12,994.57,8,-2,6,10
TNX1Y90870D,粉色,衣着系列,家居服,991.75,0.0,991.75,4,0,4,4
TND1Y80933X,粉色,衣着系列,儿童内衣套装,1252.0,-262.0,990.0,5,-1,4,5
TND1K60655,深灰色,衣着系列,裤类,1114.03,-134.5,979.53,8,-1,7,8
TND1K60651,深麻灰,衣着系列,裤类,1056.32,-77.0,979.32,10,-1,9,11
TND1K60645Z,藏青色,衣着系列,裤类,977.92,0.0,977.92,5,0,5,5
TND1Y90958X,韩粉色,衣着系列,儿童内衣套装,976.57,0.0,976.57,6,0,6,6
TND1W60625,深麻灰,袜品,连裤袜,975.01,0.0,975.01,14,0,14,14
TNX1T20197Z,白色,衣着系列,衣类,973.66,0.0,973.66,14,0,14,12
TNQ1K60637X,中灰色,衣着系列,裤类,973.29,0.0,973.29,7,0,7,7
TNX2K50277,款色,内裤,常规内裤,1079.14,-110.56,968.58,22,-2,20,23
TNX1Y90872X,款色,衣着系列,家居服,1265.25,-304.0,961.25,8,-2,6,7
TND1Y80947X,款色,衣着系列,衣类,956.63,0.0,956.63,5,0,5,5
TND1K60654,深咖色,衣着系列,裤类,954.99,0.0,954.99,7,0,7,7
TNX1K60607X,米灰色,衣着系列,裤类,1074.05,-119.2,954.85,11,-1,10,12
TNQ1Y90986X,款色,衣着系列,家居服,1146.71,-193.36,953.35,5,-1,4,5
TNQ1Y81020Z,杏色,衣着系列,衣类,948.97,0.0,948.97,5,0,5,5
TNX1Y90870X,粉色,衣着系列,家居服,1216.88,-268.0,948.88,6,-1,5,7
TND1B81004Z,黑色,衣着系列,羽绒系列,1239.07,-297.42,941.65,5,-1,4,6
TND1K60653,深咖色,衣着系列,裤类,1079.58,-138.8,940.78,8,-1,7,8
TNQ1Y81020Z,杏粉色,衣着系列,衣类,937.97,0.0,937.97,5,0,5,5
TNQ1K60635X,浅麻灰,衣着系列,裤类,937.35,0.0,937.35,7,0,7,7
TNX1T20194Z,奶白色,衣着系列,衣类,1027.33,-94.91,932.42,14,-1,13,15
TNX1T20186X,红白条,衣着系列,衣类,930.99,0.0,930.99,16,0,16,16
TNX1Y90904Z,款色,衣着系列,家居服,930.79,0.0,930.79,5,0,5,5
TNQ1B91035B,红色,少女文胸,少女文胸,929.51,0.0,929.51,12,0,12,9
TNQ1Y80883X,款色,衣着系列,儿童内衣套装,1066.13,-137.28,928.85,8,-1,7,9
TNX1K60609Z,蓝色,衣着系列,裤类,925.96,0.0,925.96,5,0,5,5
TNC1Y80828X,蓝色,衣着系列,家居服,1107.45,-185.02,922.43,6,-1,5,7
TNQ1Y80955X,玫红色,衣着系列,家居服,916.0,0.0,916.0,4,0,4,3
TNQ1Y90938X,款色,衣着系列,儿童内衣套装,915.56,0.0,915.56,6,0,6,6
TNQ1Y90970X,藏青色,衣着系列,衣类,1029.6,-118.0,911.6,10,-1,9,11
TNC1Y90856D,款色,衣着系列,家居服,904.82,0.0,904.82,4,0,4,4
TNQ1Y90942X,款色,衣着系列,儿童内衣套装,903.78,0.0,903.78,6,0,6,6
TNX1T20186X,黑白条,衣着系列,衣类,902.43,0.0,902.43,15,0,15,15
TND1K60640X,藏青色,衣着系列,裤类,900.33,0.0,900.33,5,0,5,5
TND1Y90965X,灰粉色,衣着系列,儿童内衣套装,897.25,0.0,897.25,4,0,4,4
TNX3W30774,款色,袜品,儿童袜,893.33,0.0,893.33,17,0,17,16
TNC1Y90861D,款色,衣着系列,家居服,1115.3,-223.0,892.3,5,-1,4,5
TND1Y90976X,深灰色,衣着系列,衣类,1170.41,-280.4,890.01,8,-2,6,9
TNC1K60597Z,灰色,衣着系列,裤类,1006.7,-120.12,886.58,8,-1,7,9
TNX1K60605X,墨绿色,衣着系列,裤类,885.16,0.0,885.16,9,0,9,9
TND1Y80934X,灰色,衣着系列,衣类,1101.4,-216.86,884.54,10,-2,8,12
TND1K60653,米杏色,衣着系列,裤类,883.13,0.0,883.13,7,0,7,7
TNQ1Y80897X,款色,衣着系列,儿童内衣套装,1037.62,-156.58,881.04,7,-1,6,8
TNX1Y90901X,款色,衣着系列,家居服,1013.28,-133.13,880.15,7,-1,6,7
TNQ2K10264,款色,内裤,常规内裤,933.87,-58.24,875.63,19,-1,18,19
TNQ1Y90929X,款色,衣着系列,儿童内衣套装,1127.5,-251.92,875.58,9,-2,7,11
TND1Y91004Z,粉白条,衣着系列,家居服,873.6,0.0,873.6,3,0,3,3
TNQ2K50317,款色,内裤,常规内裤,869.47,0.0,869.47,18,0,18,17
TNQ2K10267,款色,内裤,常规内裤,867.38,0.0,867.38,16,0,16,16
TMQ2K50242,款色,内裤,常规内裤,866.69,0.0,866.69,19,0,19,19
TNQ1Y90978Z,蓝色,衣着系列,衣类,865.32,0.0,865.32,6,0,6,5
TNX1Y90913Z,米黄色,衣着系列,防晒服,864.96,0.0,864.96,3,0,3,3
TND1Y91007X,款色,衣着系列,家居服,1152.19,-288.8,863.39,4,-1,3,5
TNQ2K50299,款色,内裤,常规内裤,861.17,0.0,861.17,17,0,17,14
TND1Y90963Z,米灰色,衣着系列,儿童内衣套装,860.52,0.0,860.52,3,0,3,3
TND1K60645Z,浅灰色,衣着系列,裤类,852.22,0.0,852.22,4,0,4,4
TND1Y91001X,款色,衣着系列,家居服,852.21,0.0,852.21,3,0,3,3
TND1Y80934X,黄色,衣着系列,衣类,936.71,-85.68,851.03,9,-1,8,10
TND1K60651,黑色,衣着系列,裤类,977.83,-128.0,849.83,9,-1,8,10
TNX2B90853X,款色,衣着系列,衣类,845.54,0.0,845.54,12,0,12,12
TND1Y80976D,粉色,衣着系列,家居服,842.82,0.0,842.82,3,0,3,3
TND1K60659X,深灰色,衣着系列,裤类,963.7,-121.0,842.7,8,-1,7,9
TNX1T20190Z,绿色,衣着系列,衣类,841.18,0.0,841.18,11,0,11,11
TNQ1Y90935X,款色,衣着系列,儿童内衣套装,836.53,0.0,836.53,7,0,7,7
TNQ1Y80925D,红色,衣着系列,儿童内衣套装,835.69,0.0,835.69,5,0,5,5
TNQ1Y80886Z,款色,衣着系列,儿童内衣套装,835.12,0.0,835.12,6,0,6,6
TNQ1Y80881X,款色,衣着系列,儿童内衣套装,970.15,-137.19,832.96,8,-1,7,9
TNQ1Y80926X,灰色,衣着系列,儿童内衣套装,832.96,0.0,832.96,4,0,4,4
TNX2B80824X,款色,衣着系列,衣类,831.56,0.0,831.56,9,0,9,9
TNX1T20183X,米灰色,衣着系列,衣类,922.89,-93.61,829.28,13,-1,12,14
TNX1Y80854X,蓝灰色,衣着系列,家居服,986.36,-158.04,828.32,6,-1,5,7
TND1Y90958X,咖色,衣着系列,儿童内衣套装,826.76,0.0,826.76,5,0,5,5
TND1Y80909X,款色,衣着系列,儿童内衣套装,826.33,0.0,826.33,5,0,5,5
TND1K60654,米杏色,衣着系列,裤类,825.2,0.0,825.2,6,0,6,6
TND1Y91003Z,粉白条,衣着系列,家居服,825.18,0.0,825.18,3,0,3,3
TND1Y91003X,蓝灰条,衣着系列,家居服,824.27,0.0,824.27,3,0,3,3
TND1K60661Z,粉色,衣着系列,裤类,1191.71,-367.92,823.79,7,-2,5,9
TNQ1Y80870X,款色,衣着系列,儿童内衣套装,975.13,-156.0,819.13,7,-1,6,8
TNQ3W30883,款色,袜品,儿童袜,817.56,0.0,817.56,18,0,18,14
TNQ1Y81013X,浅麻灰,衣着系列,衣类,817.27,0.0,817.27,6,0,6,6
TNX1Y80850X,麻灰色,衣着系列,家居服,816.93,0.0,816.93,6,0,6,6
TNX1K60605X,粉色,衣着系列,裤类,814.97,0.0,814.97,8,0,8,8
TNX1T20179X,蓝色,衣着系列,衣类,864.7,-51.5,813.2,17,-1,16,17
TNQ1Y90974X,深灰色,衣着系列,衣类,1135.59,-322.41,813.18,7,-2,5,8
TNQ1Y90987X,款色,衣着系列,家居服,1067.01,-254.98,812.03,4,-1,3,4
TNX1Y90906D,款色,衣着系列,家居服,1011.51,-202.62,808.89,5,-1,4,6
TND1Y90948X,款色,衣着系列,儿童内衣套装,807.15,0.0,807.15,5,0,5,5
TND1K60661Z,咖色,衣着系列,裤类,802.88,0.0,802.88,4,0,4,4
TND1Y80949X,款色,衣着系列,衣类,1200.97,-398.97,802.0,6,-2,4,8
TNQ1W30922,款色,袜品,亲子袜,801.33,0.0,801.33,44,0,44,34
TND1Y80976X,灰蓝色,衣着系列,家居服,1030.79,-229.74,801.05,4,-1,3,5
TNC1Y80829X,米白色,衣着系列,家居服,800.97,0.0,800.97,5,0,5,5
TNQ2K50312,款色,内裤,常规内裤,855.37,-55.0,800.37,17,-1,16,18
TNQ2K10257,款色,内裤,常规内裤,798.37,0.0,798.37,14,0,14,14
TND1K60651,浅麻灰,衣着系列,裤类,926.05,-128.0,798.05,9,-1,8,10
TNQ1Y90972X,米白色,衣着系列,衣类,797.71,0.0,797.71,8,0,8,8
TNQ1Y90981Z,米白色,衣着系列,衣类,958.61,-165.45,793.16,6,-1,5,6
TNQ1Y80929X,紫色,衣着系列,儿童内衣套装,792.74,0.0,792.74,4,0,4,4
TNX1Y80861X,棕色,衣着系列,家居服,792.66,0.0,792.66,5,0,5,5
TNQ1Y90927X,款色,衣着系列,儿童内衣套装,928.15,-137.35,790.8,7,-1,6,7
TND1Y80946Z,浅麻灰,衣着系列,衣类,998.54,-209.0,789.54,5,-1,4,5
TND1Y80934X,米白色,衣着系列,衣类,788.92,0.0,788.92,7,0,7,7
TND1Y90985Z,浅花灰,衣着系列,衣类,787.72,0.0,787.72,5,0,5,5
TND1Y90954X,款色,衣着系列,儿童内衣套装,787.67,0.0,787.67,5,0,5,5
TND1K60646Z,浅花灰,衣着系列,裤类,1003.04,-216.27,786.77,5,-1,4,5
TNX1Y90870X,灰色,衣着系列,家居服,786.69,0.0,786.69,4,0,4,4
TND1Y80951X,款色,衣着系列,衣类,786.4,0.0,786.4,4,0,4,4
TNC1Y90855Z,粉色,衣着系列,家居服,784.8,0.0,784.8,4,0,4,4
TND1Y80945X,粉色,衣着系列,衣类,783.8,0.0,783.8,5,0,5,5
TNQ1Y81019Z,麻灰色,衣着系列,衣类,925.48,-141.69,783.79,6,-1,5,7
TNQ1Y90938Z,款色,衣着系列,儿童内衣套装,779.93,0.0,779.93,4,0,4,4
TNQ1Y90934X,款色,衣着系列,儿童内衣套装,778.41,0.0,778.41,6,0,6,6
TNQ1Y81012Z,绿咖条,衣着系列,衣类,775.56,0.0,775.56,5,0,5,5
TNC1Y90856Z,款色,衣着系列,家居服,983.89,-208.5,775.39,5,-1,4,6
TNQ1Y90930X,款色,衣着系列,儿童内衣套装,923.89,-149.0,774.89,7,-1,6,8
TND1Y91014X,米色,衣着系列,家居服,774.73,0.0,774.73,3,0,3,3
TNQ1Y90983Z,咖色,衣着系列,衣类,774.24,0.0,774.24,6,0,6,6
TND1Y80981X,款色,衣着系列,家居服,770.46,0.0,770.46,2,0,2,2
TNQ1Y90931X,款色,衣着系列,儿童内衣套装,893.92,-128.14,765.78,7,-1,6,8
TND1Y90985Z,深花灰,衣着系列,衣类,929.28,-165.54,763.74,6,-1,5,6
TNC5W30832,款色,袜品,儿童袜,763.58,0.0,763.58,15,0,15,15
TND1K60661Z,深灰色,衣着系列,裤类,763.4,0.0,763.4,4,0,4,4
TND1Y91007Z,款色,衣着系列,家居服,761.0,0.0,761.0,3,0,3,2
TND1Y90965Z,灰粉色,衣着系列,儿童内衣套装,760.46,0.0,760.46,3,0,3,3
TND1Y80977X,玫粉色,衣着系列,家居服,1016.61,-257.49,759.12,4,-1,3,5
TNX1Y90886X,奶白色,衣着系列,家居服,887.68,-129.0,758.68,7,-1,6,7
TNQ1Y91018,款色,衣着系列,亲子家居,758.31,0.0,758.31,2,0,2,2
TND1Y90968D,米色,衣着系列,儿童内衣套装,758.11,0.0,758.11,2,0,2,2
TNX1W30739,款色,袜品,儿童袜,755.46,0.0,755.46,35,0,35,29
TNX1Y80844Z,款色,衣着系列,家居服,754.42,0.0,754.42,5,0,5,5
TNX1Y80861X,藏青色,衣着系列,家居服,754.35,0.0,754.35,5,0,5,5
TNQ1Y81019Z,松黄色,衣着系列,衣类,753.57,0.0,753.57,5,0,5,5
TNX1T20179X,绿色,衣着系列,衣类,797.93,-44.6,753.33,16,-1,15,17
TNQ1Y90945X,款色,衣着系列,儿童内衣套装,751.11,0.0,751.11,5,0,5,5
TNQ1Y90995Z,米白色,衣着系列,家居服,751.08,0.0,751.08,2,0,2,2
TNQ1Y80964X,款色,衣着系列,家居服,750.61,0.0,750.61,3,0,3,3
TMX3K50217,款色,内裤,常规内裤,872.77,-123.56,749.21,12,-2,10,11
TNC1Y90861Z,款色,衣着系列,家居服,749.06,0.0,749.06,4,0,4,4
TNQ1Y81011Z,桔粉色,衣着系列,衣类,905.28,-157.0,748.28,6,-1,5,6
TNQ1K60649,深咖色,衣着系列,裤类,745.9,0.0,745.9,9,0,9,9
TNX1Y90885D,款色,衣着系列,家居服,745.51,0.0,745.51,4,0,4,4
TNQ4W30885,款色,袜品,儿童袜,744.56,0.0,744.56,13,0,13,12
TNQ1Y81011Z,冰蓝色,衣着系列,衣类,744.39,0.0,744.39,5,0,5,5
TNQ1Y90982Z,紫色,衣着系列,衣类,882.52,-139.19,743.33,7,-1,6,7
TND1Y90985Z,绿色,衣着系列,衣类,908.36,-165.58,742.78,6,-1,5,7
TNQ1W60627,白色,袜品,连裤袜,741.71,0.0,741.71,12,0,12,11
TNX1Y80844X,款色,衣着系列,家居服,886.03,-144.34,741.69,7,-1,6,7
TNQ1Y80895X,款色,衣着系列,儿童内衣套装,739.2,0.0,739.2,5,0,5,5
TNQ1K60649,米色,衣着系列,裤类,738.87,0.0,738.87,9,0,9,9
TNX1T20179X,米白色,衣着系列,衣类,736.47,0.0,736.47,14,0,14,14
TND1K60661D,咖色,衣着系列,裤类,735.48,0.0,735.48,4,0,4,4
TOX1Y91103X,青草绿,衣着系列,防晒服,734.31,0.0,734.31,3,0,3,3
TNQ1Y90943X,款色,衣着系列,儿童内衣套装,733.95,0.0,733.95,5,0,5,5
TNQ1Y90995X,浅灰色,衣着系列,家居服,732.82,0.0,732.82,3,0,3,3
TND1Y80946X,浅麻灰,衣着系列,衣类,728.81,0.0,728.81,4,0,4,4
TND1Y80976Z,灰蓝色,衣着系列,家居服,727.51,0.0,727.51,3,0,3,3
TND1K60658X,黑色,衣着系列,裤类,727.28,0.0,727.28,7,0,7,7
TND1Y80976Z,粉色,衣着系列,家居服,970.34,-243.6,726.74,4,-1,3,4
TND1K60658Z,深灰色,衣着系列,裤类,726.71,0.0,726.71,6,0,6,6
TNX1T20181X,浅卡其,衣着系列,衣类,726.1,0.0,726.1,10,0,10,10
TNQ1W30850,款色,袜品,儿童袜,723.99,0.0,723.99,36,0,36,30
TNQ1Y90978Z,绿色,衣着系列,衣类,825.76,-107.0,718.76,6,-1,5,7
TNX1Y90902Z,粉色,衣着系列,家居服,718.37,0.0,718.37,5,0,5,5
TNQ1Y90925X,款色,衣着系列,儿童内衣套装,715.09,0.0,715.09,6,0,6,6
TNQ2B80995X,款色,衣着系列,衣类,714.71,0.0,714.71,7,0,7,7
TNX1K60615Z,灰绿色,衣着系列,裤类,713.53,0.0,713.53,6,0,6,6
TNQ1Y81010X,豆绿色,衣着系列,衣类,804.09,-92.16,711.93,7,-1,6,8
TND1K60655,米色,衣着系列,裤类,859.64,-147.9,711.74,6,-1,5,6
TNQ1B91030A,红色,少女文胸,少女文胸,710.86,0.0,710.86,10,0,10,9
TND1Y81022X,米灰色,衣着系列,儿童内衣套装,707.18,0.0,707.18,3,0,3,3
TNX1T20192Z,浅灰色,衣着系列,衣类,705.58,0.0,705.58,6,0,6,6
TOX2B81061M,款色,衣着系列,衣类,703.3,0.0,703.3,8,0,8,8
TNQ1Y90932X,款色,衣着系列,儿童内衣套装,700.69,0.0,700.69,6,0,6,6
TNQ1Y80969D,款色,衣着系列,家居服,698.89,0.0,698.89,2,0,2,2
TND1Y80935X,咖色,衣着系列,衣类,698.65,0.0,698.65,5,0,5,5
TNQ1Y80955X,绿色,衣着系列,家居服,697.2,0.0,697.2,3,0,3,3
TNX1Y90865D,款色,衣着系列,家居服,691.96,0.0,691.96,3,0,3,3
TNX1Y80866X,款色,衣着系列,家居服,691.76,0.0,691.76,5,0,5,5
TNQ1K60637X,藏青色,衣着系列,裤类,829.5,-139.06,690.44,6,-1,5,7
TND1Y91003X,粉白条,衣着系列,家居服,689.64,0.0,689.64,3,0,3,3
TND1Y80940Z,款色,衣着系列,衣类,836.5,-146.94,689.56,5,-1,4,6
TMX1W30569,款色,袜品,儿童袜,689.35,0.0,689.35,37,0,37,32
TNX1Y90899Z,粉色,衣着系列,家居服,688.11,0.0,688.11,6,0,6,5
TNX1B90842A,粉色,少女文胸,少女文胸,687.04,0.0,687.04,12,0,12,11
TNX1K60605X,灰绿色,衣着系列,裤类,782.58,-95.71,686.87,8,-1,7,8
TNQ1Y90926X,款色,衣着系列,儿童内衣套装,685.78,0.0,685.78,5,0,5,5
TNX1Y90872Z,款色,衣着系列,家居服,911.5,-227.03,684.47,5,-1,4,6
TNQ1Y90972X,粉色,衣着系列,衣类,683.23,0.0,683.23,8,0,8,8
TNQ1W60628,白色,袜品,连裤袜,682.13,0.0,682.13,16,0,16,16
TND1K60661D,粉色,衣着系列,裤类,681.35,0.0,681.35,3,0,3,3
TND1Y80976X,粉色,衣着系列,家居服,679.79,0.0,679.79,3,0,3,3
TNX5W30807,款色,袜品,儿童袜,677.73,0.0,677.73,12,0,12,12
TOC1Y81051,款色,衣着系列,亲子家居,675.76,0.0,675.76,3,0,3,3
TOX1Y91103X,粉紫色,衣着系列,防晒服,675.54,0.0,675.54,3,0,3,3
TND1K60660Z,深灰色,衣着系列,裤类,673.88,0.0,673.88,5,0,5,5
TOX5W31004,款色,袜品,儿童袜,670.73,0.0,670.73,10,0,10,10
TND1K60655,黑色,衣着系列,裤类,670.58,0.0,670.58,5,0,5,5
TNX1T20174X,米黄色,衣着系列,衣类,669.63,0.0,669.63,10,0,10,10
TNQ1K60637X,松黄色,衣着系列,裤类,668.67,0.0,668.67,5,0,5,5
TNQ3W30861,款色,袜品,儿童袜,668.56,0.0,668.56,17,0,17,17
TNQ1Y90995Z,浅灰色,衣着系列,家居服,668.03,0.0,668.03,2,0,2,2
TNX2B80821X,款色,衣着系列,衣类,662.32,0.0,662.32,7,0,7,7
TNX3W30775,款色,袜品,儿童袜,713.63,-52.0,661.63,20,-1,19,21
TNQ1K60643Z,深灰色,衣着系列,裤类,661.6,0.0,661.6,4,0,4,4
TND1K60661X,深灰色,衣着系列,裤类,825.97,-165.6,660.37,5,-1,4,6
TNX1T20180X,绿色,衣着系列,衣类,658.4,0.0,658.4,10,0,10,9
TND1K60646Z,藏青色,衣着系列,裤类,1250.62,-592.39,658.23,6,-3,3,8
TNQ1Y80887X,款色,衣着系列,儿童内衣套装,655.93,0.0,655.93,5,0,5,5
TND1Y90976X,浅花灰,衣着系列,衣类,922.75,-267.62,655.13,7,-2,5,9
TND1Y90955Z,款色,衣着系列,儿童内衣套装,654.73,0.0,654.73,3,0,3,3
TNQ1K60649,浅麻灰,衣着系列,裤类,653.92,0.0,653.92,8,0,8,8
TND1Y90964X,碎花色,衣着系列,儿童内衣套装,651.33,0.0,651.33,3,0,3,3
TNQ1Y90969X,灰色,衣着系列,衣类,651.19,0.0,651.19,5,0,5,5
TNQ1Y90979Z,杏色,衣着系列,衣类,651.09,0.0,651.09,5,0,5,5
TNQ1Y90969X,蓝色,衣着系列,衣类,649.79,0.0,649.79,5,0,5,5
TNX1Y80866D,款色,衣着系列,家居服,646.23,0.0,646.23,4,0,4,4
TNX1B90842A,米色,少女文胸,少女文胸,714.41,-69.46,644.95,12,-1,11,13
TNQ1W30842,款色,袜品,儿童袜,663.12,-18.29,644.83,33,-1,32,25
TND1K60640X,浅麻灰,衣着系列,裤类,644.48,0.0,644.48,4,0,4,4
TNX1Y80852X,款色,衣着系列,家居服,642.22,0.0,642.22,4,0,4,4
TNQ1Y90997X,款色,衣着系列,家居服,641.18,0.0,641.18,3,0,3,3
TNX1T20185X,白色,衣着系列,衣类,706.63,-68.0,638.63,13,-1,12,14
TNQ1Y90995D,米白色,衣着系列,家居服,637.34,0.0,637.34,2,0,2,2
TND1Y90962X,粉紫色,衣着系列,儿童内衣套装,868.42,-235.92,632.5,4,-1,3,5
TNX1Y90863Z,米白色,衣着系列,家居服,631.3,0.0,631.3,3,0,3,3
TND1Y80933Z,浅咖色,衣着系列,儿童内衣套装,631.29,0.0,631.29,2,0,2,2
TNQ1Y90969X,米黄色,衣着系列,衣类,760.71,-130.0,630.71,6,-1,5,7
TNX1Y90902D,粉色,衣着系列,家居服,792.47,-161.77,630.7,5,-1,4,6
TNX3W30768,款色,袜品,儿童袜,628.93,0.0,628.93,19,0,19,18
TND1Y80944Z,米白色,衣着系列,衣类,628.64,0.0,628.64,3,0,3,3
TNQ1Y80926X,红色,衣着系列,儿童内衣套装,628.18,0.0,628.18,3,0,3,2
TND1Y80944Z,黄色,衣着系列,衣类,628.1,0.0,628.1,3,0,3,3
TNQ1Y80929X,米色,衣着系列,儿童内衣套装,628.1,0.0,628.1,3,0,3,3
TNQ5W30895,款色,袜品,儿童袜,627.95,0.0,627.95,10,0,10,9
TNQ1Y81011Z,灰色,衣着系列,衣类,783.35,-156.66,626.69,5,-1,4,5
TNQ1Y90935Z,款色,衣着系列,儿童内衣套装,626.28,0.0,626.28,4,0,4,4
TNX1Y90902X,粉色,衣着系列,家居服,746.83,-121.78,625.05,6,-1,5,7
TNQ1Y90975X,红咖色,衣着系列,衣类,623.21,0.0,623.21,6,0,6,6
TND1K60661X,粉色,衣着系列,裤类,622.99,0.0,622.99,4,0,4,4
TND1K60658X,深灰色,衣着系列,裤类,621.77,0.0,621.77,6,0,6,5
TND1Y80946D,浅麻灰,衣着系列,衣类,621.66,0.0,621.66,3,0,3,3
TNX5W30810,款色,袜品,儿童袜,618.93,0.0,618.93,12,0,12,12
TNX1Y80866Z,款色,衣着系列,家居服,770.47,-152.0,618.47,5,-1,4,5
TNQ1Y80893X,灰蓝色,衣着系列,儿童内衣套装,782.93,-165.5,617.43,5,-1,4,6
TND1Y90968Z,米色,衣着系列,儿童内衣套装,616.69,0.0,616.69,2,0,2,2
TNX5W30811,款色,袜品,儿童袜,615.74,0.0,615.74,12,0,12,12
TNX1W30749,款色,袜品,儿童袜,644.86,-30.0,614.86,57,-2,55,40
TNQ2B80996Z,款色,衣着系列,衣类,614.0,0.0,614.0,6,0,6,6
TNC1Y80829Z,蓝灰色,衣着系列,家居服,612.8,0.0,612.8,3,0,3,3
TNQ3W30884,款色,袜品,儿童袜,652.86,-41.54,611.32,15,-1,14,16
TNQ5W30897,款色,袜品,儿童袜,611.16,0.0,611.16,10,0,10,10
TNQ2B91037X,款色,衣着系列,衣类,610.66,0.0,610.66,6,0,6,6
TNX5W30831,款色,袜品,儿童袜,608.81,0.0,608.81,12,0,12,12
TND1Y90954Z,款色,衣着系列,儿童内衣套装,825.77,-218.0,607.77,4,-1,3,5
TNQ1Y90991X,款色,衣着系列,家居服,607.32,0.0,607.32,3,0,3,3
TNQ1Y81010X,青灰色,衣着系列,衣类,607.02,0.0,607.02,5,0,5,5
TNX1Y90875Z,款色,衣着系列,家居服,606.72,0.0,606.72,3,0,3,3
TND1K60659X,米灰色,衣着系列,裤类,603.84,0.0,603.84,5,0,5,5
TNX1T20192Z,白色,衣着系列,衣类,602.23,0.0,602.23,5,0,5,5
TNQ1W30837,款色,袜品,儿童袜,632.07,-30.0,602.07,45,-2,43,33
TNX1T20186X,紫咖条,衣着系列,衣类,600.88,0.0,600.88,11,0,11,10
TNX5W30814,款色,袜品,儿童袜,600.36,0.0,600.36,12,0,12,12
TND1Y80952Z,款色,衣着系列,衣类,598.98,0.0,598.98,3,0,3,3
TND1Y80913X,灰色,衣着系列,儿童内衣套装,597.6,0.0,597.6,3,0,3,2
TND1Y80979Z,咖绿色,衣着系列,家居服,596.34,0.0,596.34,2,0,2,2
TNQ5W30894,款色,袜品,儿童袜,596.03,0.0,596.03,9,0,9,9
TNQ1Y90987Z,款色,衣着系列,家居服,900.67,-304.83,595.84,3,-1,2,3
TNX1Y90870Z,粉色,衣着系列,家居服,595.57,0.0,595.57,3,0,3,3
TNX3W30767,款色,袜品,儿童袜,595.24,0.0,595.24,18,0,18,17
TNX1T20173X,米黄色,衣着系列,衣类,659.03,-66.88,592.15,10,-1,9,11
TND1Y80904X,款色,衣着系列,儿童内衣套装,591.17,0.0,591.17,4,0,4,4
TNQ1Y90928Z,款色,衣着系列,儿童内衣套装,591.04,0.0,591.04,4,0,4,4
TNQ1Y90932Z,款色,衣着系列,儿童内衣套装,590.87,0.0,590.87,4,0,4,4
TNX1Y90899X,粉色,衣着系列,家居服,589.57,0.0,589.57,6,0,6,6
TND1Y90968Z,咖色,衣着系列,儿童内衣套装,589.22,0.0,589.22,2,0,2,2
TNX5W30802,款色,袜品,儿童袜,588.88,0.0,588.88,11,0,11,11
TNQ1W30836,款色,袜品,儿童袜,588.63,0.0,588.63,47,0,47,37
TNX1T20176X,米白色,衣着系列,衣类,586.65,0.0,586.65,10,0,10,10
TND1Y80945D,深灰色,衣着系列,衣类,583.49,0.0,583.49,3,0,3,3
TND1Y91000Z,款色,衣着系列,家居服,582.92,0.0,582.92,2,0,2,2
TND1Y80975X,款色,衣着系列,家居服,581.28,0.0,581.28,2,0,2,2
TND1Y90948Z,款色,衣着系列,儿童内衣套装,580.1,0.0,580.1,3,0,3,2
TLX1K60274Z,款色,衣着系列,裤类,698.48,-118.44,580.04,7,-1,6,8
TND1Y91002X,浅粉色,衣着系列,家居服,577.5,0.0,577.5,2,0,2,2
TNX5W30800,款色,袜品,儿童袜,576.0,0.0,576.0,11,0,11,11
TNQ1Y90975X,绿色,衣着系列,衣类,574.81,0.0,574.81,6,0,6,6
TNQ1Y80926D,红色,衣着系列,儿童内衣套装,574.09,0.0,574.09,2,0,2,2
TND1Y91003Z,蓝灰条,衣着系列,家居服,573.94,0.0,573.94,2,0,2,2
TNX1Y90866D,款色,衣着系列,家居服,572.85,0.0,572.85,3,0,3,3
TND1Y90962Z,粉紫色,衣着系列,儿童内衣套装,572.43,0.0,572.43,2,0,2,2
TNX5W30799,款色,袜品,儿童袜,572.38,0.0,572.38,12,0,12,12
TNX3W30773,款色,袜品,儿童袜,610.32,-38.24,572.08,16,-1,15,17
TND1K60658Z,紫色,衣着系列,裤类,571.79,0.0,571.79,5,0,5,5
TNQ1Y90979Z,浅花灰,衣着系列,衣类,570.94,0.0,570.94,5,0,5,5
TNX2B80822X,款色,衣着系列,衣类,570.75,0.0,570.75,6,0,6,6
TNQ2B91037Z,款色,衣着系列,衣类,569.13,0.0,569.13,6,0,6,6
TNX1Y90885X,款色,衣着系列,家居服,569.04,0.0,569.04,3,0,3,3
TNC1Y80825X,款色,衣着系列,家居服,714.83,-146.0,568.83,5,-1,4,6
TND1K60659X,粉色,衣着系列,裤类,568.05,0.0,568.05,5,0,5,5
TNX1Y90866Z,款色,衣着系列,家居服,567.95,0.0,567.95,3,0,3,3
TNQ1Y90933X,款色,衣着系列,儿童内衣套装,567.55,0.0,567.55,5,0,5,5
TNQ1Y90922Z,红色,衣着系列,儿童内衣套装,566.8,0.0,566.8,4,0,4,4
TNC1Y90857Z,款色,衣着系列,家居服,566.24,0.0,566.24,3,0,3,3
TNX1T20180X,卡其色,衣着系列,衣类,627.77,-61.8,565.97,10,-1,9,11
TNX2B80821Z,款色,衣着系列,衣类,680.96,-115.0,565.96,7,-1,6,8
TNQ2B81023Z,款色,衣着系列,衣类,563.97,0.0,563.97,5,0,5,5
TND1K60629Z,粉色,衣着系列,裤类,563.67,0.0,563.67,5,0,5,5
TND1Y80917Z,米灰色,衣着系列,儿童内衣套装,811.2,-248.0,563.2,3,-1,2,4
TND1Y80945X,咖色,衣着系列,衣类,562.65,0.0,562.65,4,0,4,4
TND1Y90958Z,韩粉色,衣着系列,儿童内衣套装,561.84,0.0,561.84,3,0,3,3
TNX5W30801,款色,袜品,儿童袜,561.83,0.0,561.83,11,0,11,11
TNX1T20189Z,深灰色,衣着系列,衣类,664.96,-104.51,560.45,7,-1,6,8
TNQ1Y80966Z,浅麻灰,衣着系列,家居服,558.44,0.0,558.44,2,0,2,2
TNQ1Y80953Z,款色,衣着系列,家居服,855.12,-297.0,558.12,3,-1,2,4
TNQ1Y80966Z,淡黄色,衣着系列,家居服,558.0,0.0,558.0,2,0,2,2
TNQ3W30864,款色,袜品,儿童袜,557.34,0.0,557.34,13,0,13,12
TNX2B90849X,款色,衣着系列,衣类,556.16,0.0,556.16,6,0,6,6
TND1Y81022Z,米灰色,衣着系列,儿童内衣套装,555.33,0.0,555.33,2,0,2,2
TNX1B90842A,紫色,少女文胸,少女文胸,555.19,0.0,555.19,9,0,9,9
TNX1Y90900X,款色,衣着系列,家居服,552.51,0.0,552.51,4,0,4,4
TNQ1W30851,款色,袜品,儿童袜,551.62,0.0,551.62,32,0,32,21
TNX5W30798,款色,袜品,儿童袜,599.69,-49.42,550.27,11,-1,10,11
TND1Y80937Z,款色,衣着系列,衣类,549.0,0.0,549.0,3,0,3,3
TNX1T20192Z,粉色,衣着系列,衣类,640.43,-91.56,548.87,6,-1,5,7
TNX1Y90896Z,款色,衣着系列,家居服,548.0,0.0,548.0,4,0,4,4
TNX3W30765,款色,袜品,儿童袜,585.15,-37.24,547.91,16,-1,15,16
TNX1Y90901D,款色,衣着系列,家居服,547.76,0.0,547.76,3,0,3,3
TNX3W30759,款色,袜品,儿童袜,547.18,0.0,547.18,16,0,16,16
TNQ2B80995Z,款色,衣着系列,衣类,546.36,0.0,546.36,6,0,6,6
TNX1W30731,款色,袜品,儿童袜,545.35,0.0,545.35,45,0,45,25
TNX2B90850Z,款色,衣着系列,衣类,545.16,0.0,545.16,6,0,6,6
TNX2B90852Z,款色,衣着系列,衣类,544.64,0.0,544.64,6,0,6,6
TND1K60658D,紫色,衣着系列,裤类,542.16,0.0,542.16,4,0,4,4
TOX2K50338,款色,内裤,常规内裤,541.68,0.0,541.68,10,0,10,10
TNQ1Y80928D,灰色,衣着系列,儿童内衣套装,540.9,0.0,540.9,3,0,3,3
TNX1W30744,款色,袜品,儿童袜,571.38,-32.0,539.38,48,-2,46,34
TNX1Y90863X,米白色,衣着系列,家居服,539.33,0.0,539.33,3,0,3,3
TNQ1W30834,款色,袜品,儿童袜,552.07,-13.06,539.01,43,-1,42,36
TND1K60658X,紫色,衣着系列,裤类,641.89,-104.0,537.89,7,-1,6,8
TNX1Y80849D,米白色,衣着系列,家居服,536.65,0.0,536.65,3,0,3,3
TNQ1B91025Z,米灰色,衣着系列,衣类,536.2,0.0,536.2,6,0,6,6
TNC1Y90855X,粉色,衣着系列,家居服,753.88,-218.05,535.83,4,-1,3,5
TNX1W30738,款色,袜品,儿童袜,544.69,-10.38,534.31,47,-1,46,37
TND1K60631Z,粉色,衣着系列,裤类,533.69,0.0,533.69,3,0,3,2
TNQ1Y80926X,粉色,衣着系列,儿童内衣套装,978.61,-447.44,531.17,5,-2,3,7
TNX2B90851Z,款色,衣着系列,衣类,530.27,0.0,530.27,6,0,6,5
TNX3W30770,款色,袜品,儿童袜,529.2,0.0,529.2,15,0,15,15
TNX2B90850X,款色,衣着系列,衣类,528.96,0.0,528.96,6,0,6,6
TNQ5W30909,款色,袜品,儿童袜,528.64,0.0,528.64,8,0,8,8
TNC1K60594X,白色,衣着系列,裤类,528.45,0.0,528.45,10,0,10,10
TNQ1W30846,款色,袜品,儿童袜,547.81,-19.6,528.21,41,-2,39,33
TNQ3W30872,款色,袜品,儿童袜,576.96,-49.89,527.07,13,-1,12,13
TND1Y91004D,粉白条,衣着系列,家居服,525.41,0.0,525.41,2,0,2,2
TNQ1Y80926Z,灰色,衣着系列,儿童内衣套装,524.34,0.0,524.34,2,0,2,2
TNQ1Y80927X,浅花灰,衣着系列,儿童内衣套装,522.96,0.0,522.96,3,0,3,3
TNQ1Y80927X,浅紫色,衣着系列,儿童内衣套装,522.63,0.0,522.63,3,0,3,3
TNQ1Y90986Z,款色,衣着系列,家居服,522.61,0.0,522.61,2,0,2,2
TNQ1Y80924X,绿色,衣着系列,儿童内衣套装,522.5,0.0,522.5,3,0,3,3
TOC1Y91112X,蓝色,衣着系列,家居服,522.44,0.0,522.44,3,0,3,3
TNQ1W30838,款色,袜品,儿童袜,575.87,-54.44,521.43,44,-4,40,31
TNX1T20189Z,浅灰色,衣着系列,衣类,520.69,0.0,520.69,6,0,6,6
TND1K60631Z,深灰色,衣着系列,裤类,517.89,0.0,517.89,3,0,3,3
TNC1Y90857X,款色,衣着系列,家居服,692.38,-174.71,517.67,4,-1,3,5
TND1Y80900X,款色,衣着系列,儿童内衣套装,517.61,0.0,517.61,3,0,3,3
TND1Y90957X,款色,衣着系列,儿童内衣套装,517.5,0.0,517.5,3,0,3,2
TNX5W30797,款色,袜品,儿童袜,577.76,-60.64,517.12,11,-1,10,11
TNQ1W30833,款色,袜品,儿童袜,516.8,0.0,516.8,34,0,34,25
TNX1Y80862Z,绿色,衣着系列,家居服,516.56,0.0,516.56,4,0,4,4
TND1Y80911X,款色,衣着系列,儿童内衣套装,516.56,0.0,516.56,3,0,3,3
TNX1Y90876X,款色,衣着系列,家居服,516.18,0.0,516.18,3,0,3,3
TNX1Y90870D,灰色,衣着系列,家居服,515.0,0.0,515.0,2,0,2,2
TNX1Y90904X,款色,衣着系列,家居服,514.39,0.0,514.39,3,0,3,3
TNX2K50275,款色,内裤,常规内裤,513.62,0.0,513.62,11,0,11,11
TNQ1Y80928Z,米色,衣着系列,儿童内衣套装,512.37,0.0,512.37,3,0,3,3
TND1K60658D,黑色,衣着系列,裤类,651.16,-139.0,512.16,5,-1,4,5
TND1Y91004X,粉白条,衣着系列,家居服,512.06,0.0,512.06,2,0,2,2
TND1Y91002X,浅灰色,衣着系列,家居服,512.0,0.0,512.0,2,0,2,2
TND1Y80910X,款色,衣着系列,儿童内衣套装,511.83,0.0,511.83,3,0,3,3
TNX1Y90865X,款色,衣着系列,家居服,511.46,0.0,511.46,3,0,3,2
TNQ2B91039X,款色,衣着系列,衣类,510.3,0.0,510.3,5,0,5,5
TNX1Y90901Z,款色,衣着系列,家居服,510.21,0.0,510.21,3,0,3,3
TNX1Y80854Z,蓝灰色,衣着系列,家居服,510.17,0.0,510.17,3,0,3,3
TNX1Y80847X,奶黄色,衣着系列,家居服,510.11,0.0,510.11,3,0,3,3
TNQ5W30905,款色,袜品,儿童袜,507.67,0.0,507.67,7,0,7,7
TNQ1Y80953X,款色,衣着系列,家居服,506.53,0.0,506.53,2,0,2,2
TNC1W30751,款色,袜品,儿童袜,517.68,-13.93,503.75,51,-1,50,37
TNC1Y90861X,款色,衣着系列,家居服,501.49,0.0,501.49,3,0,3,3
TND1Y80979X,咖绿色,衣着系列,家居服,500.2,0.0,500.2,2,0,2,2
TNX1W30743,款色,袜品,儿童袜,510.51,-10.38,500.13,46,-1,45,35
TNX3W30763,款色,袜品,儿童袜,499.73,0.0,499.73,14,0,14,14
TNQ2K10277,款色,内裤,常规内裤,499.09,0.0,499.09,9,0,9,9
TNQ1Y80878Z,款色,衣着系列,儿童内衣套装,498.76,0.0,498.76,3,0,3,3
TNQ1Y80871Z,款色,衣着系列,儿童内衣套装,498.63,0.0,498.63,3,0,3,3
TNQ1W60628,深麻灰,袜品,连裤袜,540.86,-43.02,497.84,13,-1,12,14
TNX1T20176X,蓝绿色,衣着系列,衣类,497.33,0.0,497.33,9,0,9,8
TND1Y80942X,款色,衣着系列,衣类,496.7,0.0,496.7,3,0,3,3
TND1Y80935Z,咖色,衣着系列,衣类,496.54,0.0,496.54,3,0,3,3
TND1Y80977X,咖色,衣着系列,家居服,820.41,-324.0,496.41,3,-1,2,4
TND1K60661X,咖色,衣着系列,裤类,496.4,0.0,496.4,3,0,3,3
TNQ5W30899,款色,袜品,儿童袜,496.03,0.0,496.03,8,0,8,8
TND1K60631X,咖色,衣着系列,裤类,495.0,0.0,495.0,3,0,3,3
TNQ1Y90975X,杏色,衣着系列,衣类,572.88,-78.69,494.19,6,-1,5,6
TNX1Y90911Z,浅蓝色,衣着系列,防晒服,492.0,0.0,492.0,2,0,2,2
TNX1W30758,款色,袜品,儿童袜,520.63,-29.94,490.69,48,-2,46,35
TNX1B90841A,白色,少女文胸,少女文胸,489.8,0.0,489.8,9,0,9,9
TND1K60656D,灰色,衣着系列,裤类,489.53,0.0,489.53,6,0,6,6
TNQ2W30892,款色,袜品,儿童袜,489.16,0.0,489.16,19,0,19,18
TNX1Y80849X,米白色,衣着系列,家居服,488.89,0.0,488.89,3,0,3,3
TNX1T20176X,砖红色,衣着系列,衣类,488.71,0.0,488.71,9,0,9,9
TNX2B80824Z,款色,衣着系列,衣类,486.03,0.0,486.03,7,0,7,7
TNX1T20190Z,紫色,衣着系列,衣类,485.73,0.0,485.73,6,0,6,6
TND1K60659Z,深灰色,衣着系列,裤类,485.23,0.0,485.23,4,0,4,4
TNC1K60595X,粉色,衣着系列,裤类,484.8,0.0,484.8,6,0,6,6
TNX2B90852X,款色,衣着系列,衣类,564.36,-80.03,484.33,8,-1,7,9
TNX1Y90907,款色,衣着系列,亲子家居,482.6,0.0,482.6,2,0,2,2
TNQ1Y80924X,粉色,衣着系列,儿童内衣套装,480.55,0.0,480.55,3,0,3,3
TND1Y91010X,款色,衣着系列,家居服,479.0,0.0,479.0,2,0,2,2
TNQ2W30891,款色,袜品,儿童袜,478.04,0.0,478.04,19,0,19,19
TNX1T20183X,灰绿色,衣着系列,衣类,477.53,0.0,477.53,7,0,7,7
TNX2B90848X,款色,衣着系列,衣类,532.15,-55.77,476.38,7,-1,6,8
TNX1B90841A,粉色,少女文胸,少女文胸,474.52,0.0,474.52,10,0,10,10
TNX1T20181X,粉色,衣着系列,衣类,568.88,-94.91,473.97,7,-1,6,8
TND1Y90963X,米灰色,衣着系列,儿童内衣套装,471.89,0.0,471.89,2,0,2,2
TNQ1Y80870Z,款色,衣着系列,儿童内衣套装,610.83,-139.0,471.83,4,-1,3,5
TNQ1Y90927Z,款色,衣着系列,儿童内衣套装,471.79,0.0,471.79,3,0,3,3
TNQ1Y90945D,款色,衣着系列,儿童内衣套装,471.71,0.0,471.71,2,0,2,2
TNX2B90848Z,款色,衣着系列,衣类,471.45,0.0,471.45,5,0,5,5
TND1Y80935Z,藏青色,衣着系列,衣类,471.22,0.0,471.22,3,0,3,3
TNQ1Y80923X,绿色,衣着系列,儿童内衣套装,627.44,-156.62,470.82,4,-1,3,5
TND1Y80945X,深灰色,衣着系列,衣类,470.62,0.0,470.62,3,0,3,3
TNX1T20178X,深蓝色,衣着系列,衣类,470.52,0.0,470.52,10,0,10,10
TNQ1Y80923X,咖色,衣着系列,儿童内衣套装,470.39,0.0,470.39,3,0,3,3
TNQ1Y80923X,粉色,衣着系列,儿童内衣套装,470.38,0.0,470.38,3,0,3,3
TND1Y80942Z,款色,衣着系列,衣类,469.6,0.0,469.6,3,0,3,2
TNC1Y90880Z,款色,衣着系列,家居服,469.06,0.0,469.06,3,0,3,3
TND1Y90959X,款色,衣着系列,儿童内衣套装,468.88,0.0,468.88,3,0,3,3
TNQ1W30835,款色,袜品,儿童袜,491.73,-23.86,467.87,39,-2,37,33
TNQ1K60643Z,麻灰色,衣着系列,裤类,467.1,0.0,467.1,3,0,3,3
TNQ1Y90926Z,款色,衣着系列,儿童内衣套装,465.87,0.0,465.87,3,0,3,3
TNX3W30787,款色,袜品,儿童袜,465.41,0.0,465.41,11,0,11,11
TNX1Y80867,款色,衣着系列,亲子家居,465.09,0.0,465.09,2,0,2,2
TNX1B90847B,蓝色,少女文胸,少女文胸,464.53,0.0,464.53,6,0,6,6
TNQ1Y80919X,紫色,衣着系列,儿童内衣套装,462.07,0.0,462.07,3,0,3,3
TNQ1Y90924Z,款色,衣着系列,儿童内衣套装,461.78,0.0,461.78,3,0,3,3
TNQ1Y80919X,米色,衣着系列,儿童内衣套装,461.44,0.0,461.44,3,0,3,3
TNX2B90851X,款色,衣着系列,衣类,461.23,0.0,461.23,5,0,5,5
TNX1W30791,款色,袜品,儿童袜,460.14,0.0,460.14,23,0,23,22
TNC1K60594X,浅卡其,衣着系列,裤类,458.17,0.0,458.17,9,0,9,9
TNQ1Y80928Z,灰色,衣着系列,儿童内衣套装,456.9,0.0,456.9,3,0,3,3
TNX3W30781,款色,袜品,儿童袜,456.34,0.0,456.34,13,0,13,12
TND1K60647Z,黑色,衣着系列,裤类,455.39,0.0,455.39,2,0,2,2
TNX1K60602X,暗红色,衣着系列,裤类,455.35,0.0,455.35,6,0,6,6
TNQ1Y80966X,淡黄色,衣着系列,家居服,716.22,-262.0,454.22,3,-1,2,4
TND1K60661D,深灰色,衣着系列,裤类,681.14,-227.07,454.07,3,-1,2,3
TNQ1W30852,款色,袜品,儿童袜,451.26,0.0,451.26,30,0,30,25
TNX1T20178X,绿色,衣着系列,衣类,451.16,0.0,451.16,9,0,9,8
TNX2B80822Z,款色,衣着系列,衣类,449.61,0.0,449.61,5,0,5,5
TNX1Y80862X,绿色,衣着系列,家居服,448.77,0.0,448.77,4,0,4,4
TND1Y80980Z,款色,衣着系列,家居服,448.74,0.0,448.74,2,0,2,2
TNX1Y80847X,浅蓝色,衣着系列,家居服,447.29,0.0,447.29,3,0,3,3
TNX2B80823Z,款色,衣着系列,衣类,445.82,0.0,445.82,5,0,5,5
TNQ1Y80884Z,款色,衣着系列,儿童内衣套装,445.73,0.0,445.73,3,0,3,3
TNQ1Y90946X,款色,衣着系列,儿童内衣套装,445.7,0.0,445.7,3,0,3,3
TNQ1Y80883Z,款色,衣着系列,儿童内衣套装,445.69,0.0,445.69,3,0,3,3
TNQ1Y80889Z,款色,衣着系列,儿童内衣套装,579.44,-135.43,444.01,4,-1,3,4
TNQ1Y80928X,灰色,衣着系列,儿童内衣套装,443.96,0.0,443.96,3,0,3,3
TND1Y80907X,款色,衣着系列,儿童内衣套装,443.95,0.0,443.95,3,0,3,3
TND1K60656Z,粉色,衣着系列,裤类,443.82,0.0,443.82,6,0,6,6
TNQ1Y80928X,紫色,衣着系列,儿童内衣套装,443.74,0.0,443.74,3,0,3,3
TNX2B90853Z,款色,衣着系列,衣类,443.29,0.0,443.29,5,0,5,5
TNX3W30826,款色,袜品,儿童袜,441.97,0.0,441.97,11,0,11,11
TND1Y80947Z,款色,衣着系列,衣类,441.4,0.0,441.4,2,0,2,2
TNQ5W30911,款色,袜品,儿童袜,526.97,-86.0,440.97,8,-1,7,9
TNX5W30804,款色,袜品,儿童袜,439.09,0.0,439.09,9,0,9,9
TND1Y91004X,灰白条,衣着系列,家居服,438.33,0.0,438.33,2,0,2,2
TNQ1Y90923Z,款色,衣着系列,儿童内衣套装,436.98,0.0,436.98,3,0,3,3
TNQ1Y90921Z,款色,衣着系列,儿童内衣套装,436.84,0.0,436.84,3,0,3,3
TNQ1Y80873Z,款色,衣着系列,儿童内衣套装,436.64,0.0,436.64,3,0,3,3
TNX1B90845A,米色,少女文胸,少女文胸,436.47,0.0,436.47,9,0,9,8
TOC1Y91043X,米色,衣着系列,家居服,436.2,0.0,436.2,2,0,2,2
TND1Y90949Z,款色,衣着系列,儿童内衣套装,436.0,0.0,436.0,2,0,2,2
TNQ5W30906,款色,袜品,儿童袜,434.56,0.0,434.56,7,0,7,6
TNQ1Y80871D,款色,衣着系列,儿童内衣套装,434.05,0.0,434.05,3,0,3,3
TNC1Y90880X,款色,衣着系列,家居服,433.57,0.0,433.57,3,0,3,3
TNX1T20178X,米色,衣着系列,衣类,433.45,0.0,433.45,9,0,9,9
TNQ1Y80927X,薄荷绿,衣着系列,儿童内衣套装,432.46,0.0,432.46,3,0,3,3
TNQ1Y90919Z,款色,衣着系列,儿童内衣套装,431.95,0.0,431.95,3,0,3,3
TNQ2B91024Z,款色,衣着系列,衣类,431.09,0.0,431.09,4,0,4,4
TNQ2B91040Z,款色,衣着系列,衣类,430.89,0.0,430.89,4,0,4,4
TNC1K60594X,花灰色,衣着系列,裤类,430.06,0.0,430.06,8,0,8,8
TNX1Y90903X,米白色,衣着系列,家居服,428.65,0.0,428.65,3,0,3,3
TNX1W30736,款色,袜品,儿童袜,427.4,0.0,427.4,41,0,41,26
TNX5W30805,款色,袜品,儿童袜,427.29,0.0,427.29,9,0,9,8
TNQ1W30845,款色,袜品,儿童袜,426.0,0.0,426.0,29,0,29,21
TNX1B90847B,米色,少女文胸,少女文胸,423.66,0.0,423.66,6,0,6,6
TNQ1Y80891X,款色,衣着系列,儿童内衣套装,420.51,0.0,420.51,3,0,3,3
TNQ1Y80899X,款色,衣着系列,儿童内衣套装,420.37,0.0,420.37,3,0,3,3
TNX1Y90864X,粉色,衣着系列,家居服,419.45,0.0,419.45,3,0,3,3
TND1Y80907Z,款色,衣着系列,儿童内衣套装,418.86,0.0,418.86,2,0,2,2
TND1Y80909Z,款色,衣着系列,儿童内衣套装,418.84,0.0,418.84,2,0,2,2
TND1W60625,黑色,袜品,连裤袜,418.76,0.0,418.76,6,0,6,6
TND1K60658D,深灰色,衣着系列,裤类,417.03,0.0,417.03,3,0,3,3
TND1K60659Z,米灰色,衣着系列,裤类,416.95,0.0,416.95,3,0,3,3
TNQ1Y90983Z,米黄色,衣着系列,衣类,416.91,0.0,416.91,3,0,3,3
TNQ1Y80919X,深灰色,衣着系列,儿童内衣套装,416.16,0.0,416.16,3,0,3,2
TND1Y90966X,绿色,衣着系列,儿童内衣套装,415.73,0.0,415.73,2,0,2,2
TND1K60630X,浅麻灰,衣着系列,裤类,415.66,0.0,415.66,4,0,4,4
TNC1Y80827X,蓝色,衣着系列,家居服,415.58,0.0,415.58,3,0,3,3
TOC1Y81026X,款色,衣着系列,家居服,415.39,0.0,415.39,2,0,2,2
TND1Y80915X,黄色,衣着系列,儿童内衣套装,415.35,0.0,415.35,2,0,2,2
TNQ3K50323,款色,内裤,常规内裤,412.76,0.0,412.76,4,0,4,4
TNX1T20176X,藏青色,衣着系列,衣类,412.56,0.0,412.56,7,0,7,7
TNQ1Y80871X,款色,衣着系列,儿童内衣套装,411.44,0.0,411.44,3,0,3,3
TNQ1Y80884X,款色,衣着系列,儿童内衣套装,411.24,0.0,411.24,3,0,3,3
TNX1Y80845X,款色,衣着系列,家居服,409.84,0.0,409.84,3,0,3,3
TOX2B91097X,款色,衣着系列,衣类,409.05,0.0,409.05,4,0,4,4
TMX1K60485Z,黑色,衣着系列,裤类,409.03,0.0,409.03,9,0,9,9
TNC1Y90855Z,蓝色,衣着系列,家居服,409.01,0.0,409.01,2,0,2,2
TOX2B91099X,款色,衣着系列,衣类,408.34,0.0,408.34,4,0,4,4
TOX2B91120X,款色,衣着系列,衣类,408.16,0.0,408.16,4,0,4,4
TNQ1Y80928X,米色,衣着系列,儿童内衣套装,407.81,0.0,407.81,3,0,3,3
TNX1Y90906X,款色,衣着系列,家居服,407.39,0.0,407.39,3,0,3,3
TNX2W30792,款色,袜品,儿童袜,429.22,-22.0,407.22,23,-1,22,24
TNQ2B81023X,款色,衣着系列,衣类,406.86,0.0,406.86,4,0,4,4
TNX1Y80845Z,款色,衣着系列,家居服,406.66,0.0,406.66,3,0,3,3
TNQ1Y80872X,款色,衣着系列,儿童内衣套装,406.65,0.0,406.65,3,0,3,3
TND1K60631D,深灰色,衣着系列,裤类,405.34,0.0,405.34,2,0,2,2
TNQ1W30839,款色,袜品,儿童袜,402.59,0.0,402.59,27,0,27,24
TNQ1Y90934D,款色,衣着系列,儿童内衣套装,401.24,0.0,401.24,2,0,2,2
TNX1Y80849Z,米白色,衣着系列,家居服,399.56,0.0,399.56,2,0,2,2
TNQ1W30844,款色,袜品,儿童袜,413.62,-14.53,399.09,31,-1,30,24
TNQ1Y80896X,款色,衣着系列,儿童内衣套装,398.18,0.0,398.18,3,0,3,3
TNQ1Y80882Z,款色,衣着系列,儿童内衣套装,398.14,0.0,398.14,3,0,3,3
TMX1K60512X,米色,衣着系列,裤类,395.03,0.0,395.03,4,0,4,4
TNQ1Y80882X,款色,衣着系列,儿童内衣套装,393.25,0.0,393.25,3,0,3,3
TNQ1Y80885X,款色,衣着系列,儿童内衣套装,393.24,0.0,393.24,3,0,3,3
TNQ1Y80927D,薄荷绿,衣着系列,儿童内衣套装,392.45,0.0,392.45,2,0,2,2
TNQ1Y90990X,米白色,衣着系列,家居服,391.66,0.0,391.66,2,0,2,2
TMX1K60485Z,灰色,衣着系列,裤类,390.06,0.0,390.06,9,0,9,7
TNQ1Y90936Z,款色,衣着系列,儿童内衣套装,389.39,0.0,389.39,3,0,3,2
TNX1W30730,款色,袜品,儿童袜,389.22,0.0,389.22,38,0,38,29
TNC1Y90860Z,米白色,衣着系列,家居服,388.0,0.0,388.0,2,0,2,2
TNC1Y80828Z,蓝色,衣着系列,家居服,387.62,0.0,387.62,2,0,2,2
TND1Y80944Z,灰色,衣着系列,衣类,597.12,-209.5,387.62,3,-1,2,4
TOX1T20214X,米色,衣着系列,衣类,773.52,-386.76,386.76,4,-2,2,5
TNQ1Y90983Z,灰紫色,衣着系列,衣类,386.01,0.0,386.01,3,0,3,3
TNX1Y90906Z,款色,衣着系列,家居服,386.0,0.0,386.0,2,0,2,2
TNQ1Y80879X,款色,衣着系列,儿童内衣套装,385.81,0.0,385.81,3,0,3,3
TNX1Y90896X,款色,衣着系列,家居服,384.69,0.0,384.69,3,0,3,3
TNX1Y80838X,蓝色,衣着系列,家居服,382.94,0.0,382.94,2,0,2,2
TNQ1Y90929Z,款色,衣着系列,儿童内衣套装,382.63,0.0,382.63,3,0,3,3
TNQ3W30919,款色,袜品,亲子袜,382.6,0.0,382.6,8,0,8,7
TNX1T20197Z,浅紫色,衣着系列,衣类,381.56,0.0,381.56,5,0,5,5
TNQ1W30854,款色,袜品,儿童袜,381.14,0.0,381.14,21,0,21,15
TNQ2K50311,款色,内裤,常规内裤,380.24,0.0,380.24,8,0,8,7
TND1Y80992,款色,衣着系列,亲子家居,379.52,0.0,379.52,1,0,1,1
TNQ5W30908,款色,袜品,儿童袜,379.31,0.0,379.31,5,0,5,5
TNX1K60602X,深褐色,衣着系列,裤类,379.28,0.0,379.28,5,0,5,5
TNQ1Y80919Z,深灰色,衣着系列,儿童内衣套装,378.5,0.0,378.5,2,0,2,2
TNX1B90845A,白色,少女文胸,少女文胸,425.88,-48.02,377.86,9,-1,8,9
TNQ1B91031A,粉色,少女文胸,少女文胸,484.92,-109.0,375.92,5,-1,4,6
TNC1Y90860X,米白色,衣着系列,家居服,375.7,0.0,375.7,2,0,2,2
TNX1K60602X,米灰色,衣着系列,裤类,453.55,-78.25,375.3,6,-1,5,7
TNQ3W30917,款色,袜品,亲子袜,428.36,-53.48,374.88,9,-1,8,10
TNC1Y80825D,款色,衣着系列,家居服,374.0,0.0,374.0,2,0,2,2
TNX1T20194Z,灰绿色,衣着系列,衣类,373.42,0.0,373.42,5,0,5,5
TNX1T20175X,米色,衣着系列,衣类,373.17,0.0,373.17,5,0,5,5
TND1K60660Z,粉色,衣着系列,裤类,372.77,0.0,372.77,3,0,3,3
TNQ5W30907,款色,袜品,儿童袜,372.72,0.0,372.72,6,0,6,6
TNQ5W30904,款色,袜品,儿童袜,370.63,0.0,370.63,5,0,5,4
TNX1Y90866X,款色,衣着系列,家居服,369.85,0.0,369.85,2,0,2,2
TNQ1Y90936X,款色,衣着系列,儿童内衣套装,368.24,0.0,368.24,3,0,3,3
TND1Y80977Z,咖色,衣着系列,家居服,368.0,0.0,368.0,1,0,1,1
TND1Y80900Z,款色,衣着系列,儿童内衣套装,367.51,0.0,367.51,2,0,2,2
TNQ1Y80924Z,粉色,衣着系列,儿童内衣套装,585.34,-218.2,367.14,3,-1,2,4
TND1Y90960Z,款色,衣着系列,儿童内衣套装,367.08,0.0,367.08,2,0,2,2
TNQ1Y90942Z,款色,衣着系列,儿童内衣套装,366.89,0.0,366.89,2,0,2,2
TNX1Y80861D,藏青色,衣着系列,家居服,366.62,0.0,366.62,2,0,2,2
TNX1Y80862X,粉色,衣着系列,家居服,366.28,0.0,366.28,3,0,3,3
TND1Y80945Z,深灰色,衣着系列,衣类,366.03,0.0,366.03,2,0,2,2
TNQ1Y90923X,款色,衣着系列,儿童内衣套装,364.57,0.0,364.57,3,0,3,3
TNQ1Y90921X,款色,衣着系列,儿童内衣套装,364.56,0.0,364.56,3,0,3,3
TND1K60660X,深灰色,衣着系列,裤类,364.43,0.0,364.43,3,0,3,3
TND1K60660X,棕色,衣着系列,裤类,364.22,0.0,364.22,3,0,3,3
TND1Y80938X,藏青色,衣着系列,衣类,364.0,0.0,364.0,3,0,3,3
TNQ1W30847,款色,袜品,儿童袜,391.36,-27.96,363.4,30,-2,28,26
TNQ1W30857,款色,袜品,儿童袜,363.05,0.0,363.05,27,0,27,24
TNQ1Y80875X,款色,衣着系列,儿童内衣套装,462.66,-100.14,362.52,4,-1,3,4
TND1Y80911Z,款色,衣着系列,儿童内衣套装,362.26,0.0,362.26,2,0,2,2
TNQ2K10274,款色,内裤,常规内裤,411.37,-49.43,361.94,8,-1,7,9
TNQ5W30912,款色,袜品,儿童袜,361.69,0.0,361.69,6,0,6,6
TNX1Y80838Z,黄绿色,衣着系列,家居服,361.42,0.0,361.42,2,0,2,2
TOX2K10306,款色,内裤,常规内裤,360.27,0.0,360.27,6,0,6,6
TNQ1Y90940Z,款色,衣着系列,儿童内衣套装,359.46,0.0,359.46,2,0,2,2
TND1Y91014Z,米色,衣着系列,家居服,359.08,0.0,359.08,1,0,1,1
TOX2K50337,款色,内裤,常规内裤,358.23,0.0,358.23,6,0,6,6
TNC1Y90859Z,款色,衣着系列,家居服,357.85,0.0,357.85,2,0,2,2
TNQ1Y80966X,浅麻灰,衣着系列,家居服,357.81,0.0,357.81,2,0,2,2
TNX1T20180X,紫色,衣着系列,衣类,356.88,0.0,356.88,6,0,6,6
TNQ3W30860,款色,袜品,儿童袜,356.2,0.0,356.2,9,0,9,9
TNQ1W60627,黑色,袜品,连裤袜,419.11,-63.5,355.61,7,-1,6,6
TNX1Y90900Z,款色,衣着系列,家居服,355.58,0.0,355.58,2,0,2,2
TNX1K60598X,米杏色,衣着系列,裤类,541.48,-186.84,354.64,6,-2,4,8
TNQ1W30921,款色,袜品,亲子袜,353.17,0.0,353.17,18,0,18,14
TNQ1Y80928D,米色,衣着系列,儿童内衣套装,352.55,0.0,352.55,2,0,2,2
TND1Y80910Z,款色,衣着系列,儿童内衣套装,351.96,0.0,351.96,2,0,2,2
TNC1Y80825Z,款色,衣着系列,家居服,518.92,-167.0,351.92,3,-1,2,4
TNQ1Y80876X,款色,衣着系列,儿童内衣套装,351.37,0.0,351.37,3,0,3,3
TND1Y80933Z,灰色,衣着系列,儿童内衣套装,350.19,0.0,350.19,1,0,1,1
TNQ1Y90922D,韩粉色,衣着系列,儿童内衣套装,350.06,0.0,350.06,2,0,2,2
TNX1B90841A,黄色,少女文胸,少女文胸,349.91,0.0,349.91,8,0,8,8
TNQ1W30923,款色,袜品,亲子袜,349.81,0.0,349.81,18,0,18,15
TNX1B90845A,粉色,少女文胸,少女文胸,349.6,0.0,349.6,7,0,7,7
TNX1Y80854D,蓝灰色,衣着系列,家居服,348.83,0.0,348.83,2,0,2,2
TNQ1Y90922Z,韩粉色,衣着系列,儿童内衣套装,348.65,0.0,348.65,3,0,3,3
TNQ1Y80921X,米色,衣着系列,儿童内衣套装,348.28,0.0,348.28,2,0,2,2
TNQ1Y80928Z,紫色,衣着系列,儿童内衣套装,347.26,0.0,347.26,2,0,2,2
TNQ3W30875,款色,袜品,儿童袜,394.23,-50.23,344.0,8,-1,7,9
TNQ1B91026A,米白色,少女文胸,少女文胸,440.29,-99.0,341.29,5,-1,4,6
TNQ1W30849,款色,袜品,儿童袜,340.13,0.0,340.13,26,0,26,21
TNX1Y80861Z,棕色,衣着系列,家居服,340.0,0.0,340.0,2,0,2,2
TNQ1Y80872Z,款色,衣着系列,儿童内衣套装,339.3,0.0,339.3,3,0,3,3
TNQ1Y80897D,款色,衣着系列,儿童内衣套装,338.92,0.0,338.92,2,0,2,2
TNX1T20197Z,浅蓝色,衣着系列,衣类,415.04,-76.78,338.26,6,-1,5,6
TND1K60629Z,深灰色,衣着系列,裤类,338.24,0.0,338.24,3,0,3,3
TNQ2B91039Z,款色,衣着系列,衣类,763.86,-426.02,337.84,7,-4,3,5
TND1Y80933D,灰色,衣着系列,儿童内衣套装,337.67,0.0,337.67,1,0,1,1
TNQ1Y90936D,款色,衣着系列,儿童内衣套装,337.38,0.0,337.38,2,0,2,2
TOC1Y91112X,粉色,衣着系列,家居服,336.15,0.0,336.15,2,0,2,2
TNX1Y90884Z,蓝色,衣着系列,家居服,335.06,0.0,335.06,2,0,2,2
TNX1Y90863X,粉紫色,衣着系列,家居服,334.76,0.0,334.76,2,0,2,2
TMX1K60495X,米杏色,衣着系列,裤类,415.78,-83.1,332.68,5,-1,4,5
TNQ1Y80873X,款色,衣着系列,儿童内衣套装,332.39,0.0,332.39,3,0,3,3
TND1Y80945Z,粉色,衣着系列,衣类,515.14,-183.01,332.13,3,-1,2,4
TNC1Y80829X,蓝灰色,衣着系列,家居服,331.32,0.0,331.32,2,0,2,2
TND1Y80935Z,米白色,衣着系列,衣类,330.7,0.0,330.7,2,0,2,2
TND1K60631X,粉色,衣着系列,裤类,330.4,0.0,330.4,2,0,2,2
TNQ2B91040D,款色,衣着系列,衣类,330.25,0.0,330.25,3,0,3,3
TNQ1W30858,款色,袜品,儿童袜,330.23,0.0,330.23,25,0,25,20
TNQ1B91028A,粉色,少女文胸,少女文胸,329.61,0.0,329.61,5,0,5,5
TNQ1Y80899Z,款色,衣着系列,儿童内衣套装,329.43,0.0,329.43,2,0,2,2
TNX1Y80838X,黄绿色,衣着系列,家居服,499.26,-170.63,328.63,3,-1,2,3
TNQ1B91027A,白色,少女文胸,少女文胸,328.35,0.0,328.35,4,0,4,4
TMX1W30565,款色,袜品,儿童袜,328.24,0.0,328.24,11,0,11,11
TNQ3W30869,款色,袜品,儿童袜,327.57,0.0,327.57,8,0,8,8
TNX1Y80847Z,奶黄色,衣着系列,家居服,327.35,0.0,327.35,2,0,2,2
TNQ3W30873,款色,袜品,儿童袜,326.32,0.0,326.32,8,0,8,8
TND1Y80934Z,黄色,衣着系列,衣类,324.48,0.0,324.48,3,0,3,3
TNX1Y90865Z,款色,衣着系列,家居服,324.16,0.0,324.16,2,0,2,2
TND1Y80979X,红棕色,衣着系列,家居服,323.87,0.0,323.87,1,0,1,1
TND1Y80943Z,款色,衣着系列,衣类,322.01,0.0,322.01,2,0,2,2
TNX1Y90885Z,款色,衣着系列,家居服,482.41,-160.66,321.75,3,-1,2,4
TNC1Y80829Z,米白色,衣着系列,家居服,321.74,0.0,321.74,2,0,2,2
TNC1Y90855X,蓝色,衣着系列,家居服,320.08,0.0,320.08,2,0,2,2
TNX1T20174X,浅咖色,衣着系列,衣类,318.87,0.0,318.87,5,0,5,5
TNQ1Y80891Z,款色,衣着系列,儿童内衣套装,317.6,0.0,317.6,2,0,2,2
TNX1B90840B,米白色,少女文胸,少女文胸,316.34,0.0,316.34,4,0,4,3
TNQ1W60624,黑色,袜品,连裤袜,316.1,0.0,316.1,5,0,5,5
TNQ5W30900,款色,袜品,儿童袜,315.96,0.0,315.96,5,0,5,5
TND1K60631X,深灰色,衣着系列,裤类,428.16,-112.66,315.5,3,-1,2,3
TND1K60660D,深灰色,衣着系列,裤类,313.82,0.0,313.82,2,0,2,2
TNQ1Y90919D,款色,衣着系列,儿童内衣套装,312.01,0.0,312.01,2,0,2,2
TNX1T20180X,米白色,衣着系列,衣类,311.84,0.0,311.84,5,0,5,5
TMQ1Y90735X,粉色,衣着系列,衣类,311.57,0.0,311.57,3,0,3,3
TNX1Y80845D,款色,衣着系列,家居服,311.53,0.0,311.53,2,0,2,2
TNQ1Y80955D,绿色,衣着系列,家居服,311.4,0.0,311.4,1,0,1,1
TMQ1Y90734X,黑白条,衣着系列,衣类,311.24,0.0,311.24,3,0,3,3
TNQ1Y80955D,玫红色,衣着系列,家居服,622.6,-311.6,311.0,2,-1,1,3
TNQ1Y80923Z,咖色,衣着系列,儿童内衣套装,309.5,0.0,309.5,2,0,2,2
TNC1K60596Z,黑色,衣着系列,裤类,306.32,0.0,306.32,3,0,3,3
TOX2B91114X,款色,衣着系列,衣类,306.27,0.0,306.27,3,0,3,3
TND1Y90966Z,绿色,衣着系列,儿童内衣套装,306.0,0.0,306.0,1,0,1,1
TNQ3W30867,款色,袜品,儿童袜,305.52,0.0,305.52,7,0,7,7
TNQ1W30843,款色,袜品,儿童袜,305.39,0.0,305.39,24,0,24,23
TMQ1Y90737X,藏青色,衣着系列,衣类,304.78,0.0,304.78,3,0,3,2
TNX1Y90864X,奶白色,衣着系列,家居服,303.0,0.0,303.0,2,0,2,2
TMX1K60512X,卡其色,衣着系列,裤类,403.12,-100.42,302.7,4,-1,3,5
TNQ1Y90934Z,款色,衣着系列,儿童内衣套装,302.21,0.0,302.21,2,0,2,2
TNX1Y90916X,款色,衣着系列,家居服,301.57,0.0,301.57,2,0,2,2
TNQ1Y80893X,米白色,衣着系列,儿童内衣套装,301.06,0.0,301.06,2,0,2,2
TND1Y80975Z,款色,衣着系列,家居服,299.0,0.0,299.0,1,0,1,1
TND1Y80981Z,款色,衣着系列,家居服,299.0,0.0,299.0,1,0,1,1
TND1Y91001Z,款色,衣着系列,家居服,299.0,0.0,299.0,1,0,1,1
TNQ5W30898,款色,袜品,儿童袜,298.24,0.0,298.24,5,0,5,5
TNQ1B91026A,紫色,少女文胸,少女文胸,297.78,0.0,297.78,4,0,4,4
TOC1T20199X,深灰色,衣着系列,衣类,297.45,0.0,297.45,3,0,3,3
TOC1Y91043D,米色,衣着系列,家居服,297.32,0.0,297.32,1,0,1,1
TNX1Y90876Z,款色,衣着系列,家居服,295.83,0.0,295.83,2,0,2,2
TNQ1Y80874Z,款色,衣着系列,儿童内衣套装,295.79,0.0,295.79,2,0,2,2
TNX3W30777,款色,袜品,儿童袜,295.23,0.0,295.23,8,0,8,8
TNQ5W30901,款色,袜品,儿童袜,294.89,0.0,294.89,4,0,4,4
TNQ1Y80888Z,款色,衣着系列,儿童内衣套装,293.0,0.0,293.0,2,0,2,2
TNQ1Y80964D,款色,衣着系列,家居服,293.0,0.0,293.0,1,0,1,1
TNC1Y90855D,蓝色,衣着系列,家居服,292.0,0.0,292.0,1,0,1,1
TNX1T20185X,灰紫色,衣着系列,衣类,291.53,0.0,291.53,6,0,6,6
TMX1T20106X,本白色,衣着系列,衣类,380.67,-89.68,290.99,5,-1,4,6
TND1Y80903X,款色,衣着系列,儿童内衣套装,289.93,0.0,289.93,2,0,2,2
TNC1Y90857D,款色,衣着系列,家居服,288.54,0.0,288.54,1,0,1,1
TND1K60629X,深灰色,衣着系列,裤类,286.38,0.0,286.38,3,0,3,3
TND1Y80936X,深灰色,衣着系列,衣类,285.33,0.0,285.33,3,0,3,3
TND1Y80936X,粉色,衣着系列,衣类,285.0,0.0,285.0,3,0,3,3
TNQ1Y90931Z,款色,衣着系列,儿童内衣套装,284.3,0.0,284.3,2,0,2,2
TND1K60657Z,粉色,衣着系列,裤类,284.19,0.0,284.19,3,0,3,2
TNX1B90846B,米色,少女文胸,少女文胸,279.71,0.0,279.71,4,0,4,4
TNQ1Y90933Z,款色,衣着系列,儿童内衣套装,279.62,0.0,279.62,2,0,2,2
TNQ1Y80881Z,款色,衣着系列,儿童内衣套装,279.51,0.0,279.51,2,0,2,2
TNQ5W30903,款色,袜品,儿童袜,278.53,0.0,278.53,4,0,4,4
TND1K60629D,深灰色,衣着系列,裤类,278.04,0.0,278.04,2,0,2,2
TND1Y80938Z,藏青色,衣着系列,衣类,278.0,0.0,278.0,2,0,2,2
TNQ5W30893,款色,袜品,儿童袜,276.69,0.0,276.69,5,0,5,5
TNQ1Y80897Z,款色,衣着系列,儿童内衣套装,276.57,0.0,276.57,2,0,2,2
TND1K60629X,粉色,衣着系列,裤类,276.4,0.0,276.4,3,0,3,3
TND1Y80938D,藏青色,衣着系列,衣类,275.85,0.0,275.85,2,0,2,2
TNX1T20175X,蓝绿色,衣着系列,衣类,274.74,0.0,274.74,4,0,4,4
TNQ1Y80880X,款色,衣着系列,儿童内衣套装,274.5,0.0,274.5,2,0,2,2
TNX1Y80850Z,麻灰色,衣着系列,家居服,273.71,0.0,273.71,2,0,2,2
TNQ3W30866,款色,袜品,儿童袜,272.36,0.0,272.36,6,0,6,6
TMX1W30560,款色,袜品,儿童袜,270.55,0.0,270.55,11,0,11,11
TNQ1W30840,款色,袜品,儿童袜,268.26,0.0,268.26,19,0,19,16
TNQ1B91031A,紫色,少女文胸,少女文胸,268.16,0.0,268.16,3,0,3,3
TNQ1B91031A,肤色,少女文胸,少女文胸,375.92,-109.0,266.92,4,-1,3,5
TNX1B90844B,白色,少女文胸,少女文胸,428.66,-163.87,264.79,5,-2,3,6
TNX1W30733,款色,袜品,儿童袜,277.2,-14.0,263.2,24,-1,23,19
TNQ1Y80929Z,米色,衣着系列,儿童内衣套装,262.25,0.0,262.25,1,0,1,1
TNQ1Y80929Z,紫色,衣着系列,儿童内衣套装,524.42,-262.17,262.25,2,-1,1,3
TND1Y90958D,咖色,衣着系列,儿童内衣套装,262.0,0.0,262.0,1,0,1,1
TNQ1Y80926Z,红色,衣着系列,儿童内衣套装,262.0,0.0,262.0,1,0,1,1
TOX2B91120M,款色,衣着系列,衣类,261.29,0.0,261.29,3,0,3,3
TND1Y80934Z,米白色,衣着系列,衣类,260.54,0.0,260.54,2,0,2,2
TND1Y80934Z,灰色,衣着系列,衣类,260.4,0.0,260.4,2,0,2,2
TMX1Y80583X,款色,衣着系列,家居服,260.0,0.0,260.0,2,0,2,2
TNQ1W30848,款色,袜品,儿童袜,259.2,0.0,259.2,18,0,18,15
TNQ1Y80879Z,款色,衣着系列,儿童内衣套装,259.07,0.0,259.07,2,0,2,2
TOC1T20200X,浅紫色,衣着系列,衣类,345.07,-86.25,258.82,4,-1,3,5
TND1K60660Z,棕色,衣着系列,裤类,257.52,0.0,257.52,2,0,2,2
TND1K60659Z,粉色,衣着系列,裤类,257.5,0.0,257.5,2,0,2,2
TNQ1Y90925Z,款色,衣着系列,儿童内衣套装,410.24,-153.96,256.28,3,-1,2,4
TNQ1Y80880Z,款色,衣着系列,儿童内衣套装,255.05,0.0,255.05,2,0,2,2
TNX1T20185X,蓝色,衣着系列,衣类,254.01,0.0,254.01,5,0,5,5
TMD1Y80692X,粉色,衣着系列,儿童内衣套装,254.0,0.0,254.0,1,0,1,1
TNQ1Y80919D,深灰色,衣着系列,儿童内衣套装,253.41,0.0,253.41,1,0,1,1
TNQ1Y90990Z,米白色,衣着系列,家居服,253.4,0.0,253.4,1,0,1,1
TND1Y80980X,款色,衣着系列,家居服,253.0,0.0,253.0,1,0,1,1
TNQ1Y90997Z,款色,衣着系列,家居服,250.24,0.0,250.24,1,0,1,1
TNQ3W30863,款色,袜品,儿童袜,247.99,0.0,247.99,6,0,6,6
TOC1T20200X,灰绿色,衣着系列,衣类,247.88,0.0,247.88,3,0,3,3
TOX2K50331,款色,内裤,常规内裤,246.11,0.0,246.11,4,0,4,4
TNQ1B91034B,绿色,少女文胸,少女文胸,313.27,-67.95,245.32,4,-1,3,4
TND1K60657X,粉色,衣着系列,裤类,244.27,0.0,244.27,3,0,3,3
TNX1Y80838D,蓝色,衣着系列,家居服,243.62,0.0,243.62,1,0,1,1
TNQ1Y80926D,灰色,衣着系列,儿童内衣套装,243.4,0.0,243.4,1,0,1,1
TND1K60630Z,藏青色,衣着系列,裤类,364.12,-121.42,242.7,3,-1,2,4
TNX1Y90892X,款色,衣着系列,家居服,241.08,0.0,241.08,2,0,2,2
TND1K60656X,绿色,衣着系列,裤类,239.8,0.0,239.8,4,0,4,4
TND1K60660X,粉色,衣着系列,裤类,239.0,0.0,239.0,2,0,2,1
TNQ1W30841,款色,袜品,儿童袜,238.86,0.0,238.86,14,0,14,9
TND1Y91002Z,浅灰色,衣着系列,家居服,489.43,-250.57,238.86,2,-1,1,3
TNX1Y80849X,蓝灰色,衣着系列,家居服,571.33,-333.33,238.0,4,-2,2,6
TND1Y90958Z,咖色,衣着系列,儿童内衣套装,238.0,0.0,238.0,1,0,1,1
TLQ1K60321,粉色,衣着系列,裤类,237.5,0.0,237.5,2,0,2,2
TND1Y90964Z,碎花色,衣着系列,儿童内衣套装,237.4,0.0,237.4,1,0,1,1
TNQ1W30855,款色,袜品,儿童袜,236.71,0.0,236.71,17,0,17,15
TMX1W30557,款色,袜品,儿童袜,236.19,0.0,236.19,9,0,9,9
TMQ1Y90736X,米杏色,衣着系列,衣类,234.79,0.0,234.79,3,0,3,3
TNQ1Y80926Z,粉色,衣着系列,儿童内衣套装,234.64,0.0,234.64,1,0,1,1
TOX1B91100X,粉紫色,衣着系列,衣类,234.42,0.0,234.42,5,0,5,5
TNQ1W30886,款色,袜品,儿童袜,233.03,0.0,233.03,10,0,10,9
TOX1B91115A,白色,少女文胸,少女文胸,233.0,0.0,233.0,3,0,3,3
TNQ1B91028A,绿色,少女文胸,少女文胸,232.93,0.0,232.93,4,0,4,4
TNQ1W30853,款色,袜品,儿童袜,232.28,0.0,232.28,13,0,13,11
TOX5W30988,款色,袜品,儿童袜,232.19,0.0,232.19,4,0,4,4
TND1K60657D,黑色,衣着系列,裤类,231.6,0.0,231.6,2,0,2,2
TND1K60630D,浅麻灰,衣着系列,裤类,230.5,0.0,230.5,2,0,2,1
TNQ1Y90999X,款色,衣着系列,家居服,229.8,0.0,229.8,1,0,1,1
TND1Y91000X,款色,衣着系列,家居服,228.98,0.0,228.98,1,0,1,1
TNQ5W30902,款色,袜品,儿童袜,227.67,0.0,227.67,3,0,3,3
TNQ1Y80927Z,浅花灰,衣着系列,儿童内衣套装,227.0,0.0,227.0,1,0,1,1
TNQ1Y80969Z,款色,衣着系列,家居服,227.0,0.0,227.0,1,0,1,1
TNQ1Y80927Z,浅紫色,衣着系列,儿童内衣套装,226.92,0.0,226.92,1,0,1,1
TNQ1Y80923D,咖色,衣着系列,儿童内衣套装,226.9,0.0,226.9,1,0,1,1
TND1K60657X,灰色,衣着系列,裤类,226.73,0.0,226.73,3,0,3,3
TNQ1Y80919D,米色,衣着系列,儿童内衣套装,226.2,0.0,226.2,1,0,1,1
TND1K60657Z,黑色,衣着系列,裤类,225.67,0.0,225.67,2,0,2,2
TNQ2B91023Z,款色,衣着系列,衣类,225.66,0.0,225.66,2,0,2,2
TNQ1Y80874X,款色,衣着系列,儿童内衣套装,225.37,0.0,225.37,2,0,2,2
TND1Y80936Z,粉色,衣着系列,衣类,225.29,0.0,225.29,2,0,2,2
TOX2B81057Z,款色,衣着系列,衣类,225.19,0.0,225.19,2,0,2,2
TMQ1Y90738X,浅灰色,衣着系列,衣类,225.04,0.0,225.04,2,0,2,2
TNQ1Y80963Z,款色,衣着系列,家居服,225.03,0.0,225.03,1,0,1,1
TOX2K50341,款色,内裤,常规内裤,220.62,0.0,220.62,4,0,4,4
TNQ1W30887,款色,袜品,儿童袜,220.5,0.0,220.5,11,0,11,9
TNX1T20185X,碎花色,衣着系列,衣类,219.47,0.0,219.47,4,0,4,4
TNQ1Y80927D,浅花灰,衣着系列,儿童内衣套装,219.08,0.0,219.08,1,0,1,1
TNQ1Y80921Z,米色,衣着系列,儿童内衣套装,218.22,0.0,218.22,1,0,1,1
TOX5W31001,款色,袜品,儿童袜,218.17,0.0,218.17,4,0,4,4
TNQ1Y80924Z,绿色,衣着系列,儿童内衣套装,218.13,0.0,218.13,1,0,1,1
TNQ1Y80893Z,灰蓝色,衣着系列,儿童内衣套装,218.0,0.0,218.0,1,0,1,1
TNQ1Y80893Z,米白色,衣着系列,儿童内衣套装,218.0,0.0,218.0,1,0,1,1
TND1K60658Z,黑色,衣着系列,裤类,214.15,0.0,214.15,2,0,2,2
TOX3K50351,款色,内裤,常规内裤,213.35,0.0,213.35,2,0,2,2
TMX1K60454X,黑色,衣着系列,裤类,212.78,0.0,212.78,4,0,4,4
TNQ1Y80885Z,款色,衣着系列,儿童内衣套装,210.05,0.0,210.05,2,0,2,2
TOC1Y91112Z,粉色,衣着系列,家居服,209.52,0.0,209.52,1,0,1,1
TND1Y80904Z,款色,衣着系列,儿童内衣套装,209.45,0.0,209.45,1,0,1,1
TND1Y90958D,韩粉色,衣着系列,儿童内衣套装,209.0,0.0,209.0,1,0,1,1
TOX1Y91060X,款色,衣着系列,家居服,209.0,0.0,209.0,1,0,1,1
TND1K60656X,灰色,衣着系列,裤类,206.19,0.0,206.19,3,0,3,3
TNQ3W30862,款色,袜品,儿童袜,205.93,0.0,205.93,5,0,5,5
TNX1Y90863Z,粉紫色,衣着系列,家居服,205.76,0.0,205.76,1,0,1,1
TNX1Y90870Z,灰色,衣着系列,家居服,205.57,0.0,205.57,1,0,1,1
TOX2B81057X,款色,衣着系列,衣类,204.19,0.0,204.19,2,0,2,2
TOX2B81055X,款色,衣着系列,衣类,204.18,0.0,204.18,2,0,2,2
TOX2B81058X,款色,衣着系列,衣类,203.84,0.0,203.84,2,0,2,2
TND1Y80951Z,款色,衣着系列,衣类,203.46,0.0,203.46,1,0,1,1
TNQ1Y90991Z,款色,衣着系列,家居服,203.0,0.0,203.0,1,0,1,1
TNQ1Y80878D,款色,衣着系列,儿童内衣套装,201.0,0.0,201.0,1,0,1,1
TOX2K50332,款色,内裤,常规内裤,199.15,0.0,199.15,4,0,4,4
TOC1T20199X,浅紫色,衣着系列,衣类,198.09,0.0,198.09,2,0,2,2
TOX3W30966,款色,袜品,儿童袜,193.39,0.0,193.39,5,0,5,5
TND1K60656X,粉色,衣着系列,裤类,193.35,0.0,193.35,3,0,3,3
TOX1B91100X,浅麻灰,衣着系列,衣类,243.62,-51.05,192.57,5,-1,4,6
TNQ1Y90943Z,款色,衣着系列,儿童内衣套装,191.96,0.0,191.96,1,0,1,1
TNQ1Y80923Z,绿色,衣着系列,儿童内衣套装,347.66,-155.78,191.88,2,-1,1,3
TNQ1Y80923Z,粉色,衣着系列,儿童内衣套装,191.82,0.0,191.82,1,0,1,1
TNX2B90849Z,款色,衣着系列,衣类,191.56,0.0,191.56,2,0,2,2
TND1Y80936Z,深灰色,衣着系列,衣类,189.44,0.0,189.44,2,0,2,2
TND1K60646Z,中灰色,衣着系列,裤类,407.4,-218.4,189.0,2,-1,1,3
TNQ3W30920,款色,袜品,亲子袜,188.82,0.0,188.82,4,0,4,4
TNQ3W30878,款色,袜品,儿童袜,185.51,0.0,185.51,4,0,4,4
TNC1Y80830X,粉紫色,衣着系列,家居服,184.94,0.0,184.94,1,0,1,1
TNQ3W30914,款色,袜品,亲子袜,183.73,0.0,183.73,3,0,3,3
TNQ1Y80886D,款色,衣着系列,儿童内衣套装,183.44,0.0,183.44,1,0,1,1
TNQ1B91025D,米灰色,衣着系列,衣类,183.24,0.0,183.24,2,0,2,2
TND1Y80945Z,咖色,衣着系列,衣类,183.0,0.0,183.0,1,0,1,1
TNX1Y80852Z,款色,衣着系列,家居服,182.09,0.0,182.09,1,0,1,1
TMX3K50216,款色,内裤,常规内裤,181.3,0.0,181.3,2,0,2,2
TNQ1B91029A,奶白色,少女文胸,少女文胸,180.74,0.0,180.74,3,0,3,3
TNQ1Y80928D,紫色,衣着系列,儿童内衣套装,178.95,0.0,178.95,1,0,1,1
TNQ1Y90929D,款色,衣着系列,儿童内衣套装,178.94,0.0,178.94,1,0,1,1
TNX1Y90891Z,粉色,衣着系列,家居服,178.22,0.0,178.22,1,0,1,1
TNQ1Y90922D,红色,衣着系列,儿童内衣套装,324.24,-149.24,175.0,2,-1,1,3
TNQ1Y80923D,绿色,衣着系列,儿童内衣套装,173.87,0.0,173.87,1,0,1,1
TNQ1W60628,黑色,袜品,连裤袜,172.56,0.0,172.56,4,0,4,4
TND1K60656D,绿色,衣着系列,裤类,258.33,-86.23,172.1,3,-1,2,4
TND1Y80903Z,款色,衣着系列,儿童内衣套装,169.77,0.0,169.77,1,0,1,1
TND1K60630X,藏青色,衣着系列,裤类,168.98,0.0,168.98,2,0,2,2
TNX1B90840B,粉白色,少女文胸,少女文胸,168.64,0.0,168.64,2,0,2,2
TNX1W30789,款色,袜品,儿童袜,166.12,0.0,166.12,11,0,11,10
TND1Y90957Z,款色,衣着系列,儿童内衣套装,166.04,0.0,166.04,1,0,1,1
TND1Y90959Z,款色,衣着系列,儿童内衣套装,166.01,0.0,166.01,1,0,1,1
TNQ2K10258,款色,内裤,常规内裤,164.59,0.0,164.59,3,0,3,3
TNX1Y80842X,款色,衣着系列,家居服,161.58,0.0,161.58,1,0,1,1
TOX2K50334,款色,内裤,常规内裤,225.22,-64.0,161.22,4,-1,3,5
TNQ1Y90927D,款色,衣着系列,儿童内衣套装,160.47,0.0,160.47,1,0,1,1
TNQ1Y80870D,款色,衣着系列,儿童内衣套装,159.0,0.0,159.0,1,0,1,1
TOX2K50328,款色,内裤,常规内裤,158.6,0.0,158.6,3,0,3,3
TMD1Y90740X,紫色,衣着系列,衣类,157.0,0.0,157.0,1,0,1,1
TOX1B91084A,浅绿色,少女文胸,少女文胸,156.88,0.0,156.88,2,0,2,2
TND1K60660D,棕色,衣着系列,裤类,156.64,0.0,156.64,1,0,1,1
TND1K60660D,粉色,衣着系列,裤类,156.64,0.0,156.64,1,0,1,1
TND1K60659D,深灰色,衣着系列,裤类,156.58,0.0,156.58,1,0,1,1
TOX2K50329,款色,内裤,常规内裤,156.3,0.0,156.3,3,0,3,3
TNQ3W30868,款色,袜品,儿童袜,155.4,0.0,155.4,4,0,4,4
TNQ1Y80927Z,薄荷绿,衣着系列,儿童内衣套装,155.0,0.0,155.0,1,0,1,1
TND1K60656Z,灰色,衣着系列,裤类,232.17,-77.42,154.75,3,-1,2,4
TND1K60657X,黑色,衣着系列,裤类,154.03,0.0,154.03,2,0,2,2
TNQ1Y80887Z,款色,衣着系列,儿童内衣套装,154.0,0.0,154.0,1,0,1,1
TNX1B90840B,白色,少女文胸,少女文胸,153.38,0.0,153.38,2,0,2,2
TNX1Y90898Z,橘色,衣着系列,家居服,149.0,0.0,149.0,1,0,1,1
TNQ1Y90924D,款色,衣着系列,儿童内衣套装,148.98,0.0,148.98,1,0,1,1
TOX2K50339,款色,内裤,常规内裤,148.22,0.0,148.22,3,0,3,3
TMD1Y90756X,黑白条,衣着系列,衣类,147.9,0.0,147.9,1,0,1,1
TNQ3W30918,款色,袜品,亲子袜,147.86,0.0,147.86,4,0,4,4
TND1K60656Z,绿色,衣着系列,裤类,143.0,0.0,143.0,2,0,2,2
TNQ1Y80919Z,紫色,衣着系列,儿童内衣套装,143.0,0.0,143.0,1,0,1,1
TOX1W30926,款色,袜品,儿童袜,139.43,0.0,139.43,11,0,11,3
TMD1K60558X,米色,衣着系列,裤类,139.0,0.0,139.0,1,0,1,1
TMD1Y90739X,粉紫色,衣着系列,衣类,139.0,0.0,139.0,1,0,1,1
TNQ1Y90982Z,米白色,衣着系列,衣类,136.53,0.0,136.53,1,0,1,1
TNX1Y80850X,米白色,衣着系列,家居服,135.19,0.0,135.19,1,0,1,1
TOX1K60670X,黑灰色,衣着系列,裤类,133.84,0.0,133.84,2,0,2,2
TOX1K60670X,奶白色,衣着系列,裤类,133.8,0.0,133.8,2,0,2,2
TNQ1Y90945Z,款色,衣着系列,儿童内衣套装,130.75,0.0,130.75,1,0,1,1
TND1K60657D,灰色,衣着系列,裤类,130.0,0.0,130.0,1,0,1,1
TNX1Y80862Z,粉色,衣着系列,家居服,127.92,0.0,127.92,1,0,1,1
TNQ3W30915,款色,袜品,亲子袜,127.39,0.0,127.39,2,0,2,2
TNQ1Y90921D,款色,衣着系列,儿童内衣套装,125.01,0.0,125.01,1,0,1,1
TNQ1Y80895Z,款色,衣着系列,儿童内衣套装,125.0,0.0,125.0,1,0,1,1
TOX5W30998,款色,袜品,儿童袜,124.87,0.0,124.87,2,0,2,2
TOX2B91099D,款色,衣着系列,衣类,124.74,0.0,124.74,1,0,1,1
TNQ2B91039D,款色,衣着系列,衣类,123.7,0.0,123.7,1,0,1,1
TNQ2W30890,款色,袜品,儿童袜,122.62,0.0,122.62,5,0,5,5
TNQ3W30879,款色,袜品,儿童袜,122.52,0.0,122.52,3,0,3,3
TMD1K60559X,米色,衣着系列,裤类,122.21,0.0,122.21,1,0,1,1
TNQ1Y90930Z,款色,衣着系列,儿童内衣套装,122.13,0.0,122.13,1,0,1,1
TNX1Y80861Z,藏青色,衣着系列,家居服,121.59,0.0,121.59,1,0,1,1
TNQ3W30874,款色,袜品,儿童袜,119.96,0.0,119.96,3,0,3,3
TNX1Y90886Z,奶白色,衣着系列,家居服,118.99,0.0,118.99,1,0,1,1
TNQ3W30913,款色,袜品,亲子袜,115.47,0.0,115.47,2,0,2,2
TOX2B91114Z,款色,衣着系列,衣类,113.0,0.0,113.0,1,0,1,1
TMQ1Y90752X,咖色,衣着系列,衣类,112.73,0.0,112.73,1,0,1,1
TOX2B91097Z,款色,衣着系列,衣类,112.67,0.0,112.67,1,0,1,1
TMQ1Y90738X,米色,衣着系列,衣类,112.56,0.0,112.56,1,0,1,1
TMX1Y80583Z,款色,衣着系列,家居服,108.96,0.0,108.96,1,0,1,1
TNX1Y80862D,绿色,衣着系列,家居服,106.04,0.0,106.04,1,0,1,1
TMQ1Y90735X,浅蓝色,衣着系列,衣类,103.9,0.0,103.9,1,0,1,1
TMQ1Y90735X,深灰色,衣着系列,衣类,103.87,0.0,103.87,1,0,1,1
TOX2B81054X,款色,衣着系列,衣类,102.0,0.0,102.0,1,0,1,1
TOX2B81056X,款色,衣着系列,衣类,102.0,0.0,102.0,1,0,1,1
TND1K60630Z,浅麻灰,衣着系列,裤类,100.7,0.0,100.7,1,0,1,1
TND1K60657D,粉色,衣着系列,裤类,99.74,0.0,99.74,1,0,1,1
TNQ2W30888,款色,袜品,儿童袜,125.57,-26.0,99.57,5,-1,4,6
TNQ3W30877,款色,袜品,儿童袜,138.19,-39.63,98.56,3,-1,2,4
TMQ1Y90736X,灰粉色,衣着系列,衣类,95.78,0.0,95.78,1,0,1,1
TMD1Y90739X,米杏色,衣着系列,衣类,95.0,0.0,95.0,1,0,1,1
TLD1K60366,深麻灰,衣着系列,裤类,92.87,0.0,92.87,1,0,1,1
TNQ2W30889,款色,袜品,儿童袜,116.31,-26.0,90.31,5,-1,4,6
TNQ1B91033B,渐变色,少女文胸,少女文胸,84.5,0.0,84.5,1,0,1,1
TNQ3W30880,款色,袜品,儿童袜,79.29,0.0,79.29,2,0,2,2
TMX1K60495X,咖啡色,衣着系列,裤类,79.0,0.0,79.0,1,0,1,1
TOX1B91084A,牙白色,少女文胸,少女文胸,78.5,0.0,78.5,1,0,1,1
TOX1B91084A,浅紫色,少女文胸,少女文胸,78.38,0.0,78.38,1,0,1,1
TOX1B91115A,紫色,少女文胸,少女文胸,78.21,0.0,78.21,1,0,1,1
TNX1B90846B,粉色,少女文胸,少女文胸,78.18,0.0,78.18,1,0,1,1
TND1K60656D,粉色,衣着系列,裤类,163.61,-86.23,77.38,2,-1,1,3
TNX1B90844B,粉色,少女文胸,少女文胸,73.83,0.0,73.83,1,0,1,1
TNQ1B91034B,粉色,少女文胸,少女文胸,140.95,-67.95,73.0,2,-1,1,2
TMQ1Y90734X,米色,衣着系列,衣类,71.0,0.0,71.0,1,0,1,1
TOX1W30937,款色,袜品,儿童袜,70.0,0.0,70.0,7,0,7,2
TOX1W30927,款色,袜品,儿童袜,69.98,0.0,69.98,5,0,5,3
TOX5W31007,款色,袜品,儿童袜,68.65,0.0,68.65,1,0,1,1
TOX1B91101X,粉紫色,衣着系列,衣类,67.0,0.0,67.0,1,0,1,1
TOX1K60670X,浅麻灰,衣着系列,裤类,66.92,0.0,66.92,1,0,1,1
TOX1B91101X,白色,衣着系列,衣类,66.9,0.0,66.9,1,0,1,1
TNQ5W30896,款色,袜品,儿童袜,66.86,0.0,66.86,1,0,1,1
TND1K60656D,咖色,衣着系列,裤类,66.04,0.0,66.04,1,0,1,1
TNQ1B91032B,紫色,少女文胸,少女文胸,66.0,0.0,66.0,1,0,1,1
TNX1B90847B,粉色,少女文胸,少女文胸,66.0,0.0,66.0,1,0,1,1
TOX5W30997,款色,袜品,儿童袜,63.36,0.0,63.36,1,0,1,1
TOX5W30989,款色,袜品,儿童袜,63.14,0.0,63.14,1,0,1,1
TOX5W30993,款色,袜品,儿童袜,63.0,0.0,63.0,1,0,1,1
TOX5W31000,款色,袜品,儿童袜,60.74,0.0,60.74,1,0,1,1
TNX1B90846B,白色,少女文胸,少女文胸,60.41,0.0,60.41,1,0,1,1
TOX1B91100Z,浅麻灰,衣着系列,衣类,59.72,0.0,59.72,1,0,1,1
TOX5W30999,款色,袜品,儿童袜,58.12,0.0,58.12,1,0,1,1
TNQ3W30916,款色,袜品,亲子袜,58.01,0.0,58.01,1,0,1,1
TOX1W30938,款色,袜品,儿童袜,55.56,0.0,55.56,4,0,4,3
TOX1B91086A,白色,少女文胸,少女文胸,55.32,0.0,55.32,1,0,1,1
TOX1B91086A,紫色,少女文胸,少女文胸,55.32,0.0,55.32,1,0,1,1
TOX1W30948,款色,袜品,儿童袜,54.6,0.0,54.6,3,0,3,3
TOX1W30944,款色,袜品,儿童袜,53.62,0.0,53.62,4,0,4,3
TOX2K50326,款色,内裤,常规内裤,52.46,0.0,52.46,1,0,1,1
TOX2K10296,款色,内裤,常规内裤,102.91,-51.43,51.48,2,-1,1,2
TOX1B91100X,白色,衣着系列,衣类,101.98,-50.94,51.04,2,-1,1,2
TOX3W30958,款色,袜品,儿童袜,48.0,0.0,48.0,1,0,1,1
TOX1W30928,款色,袜品,儿童袜,41.98,0.0,41.98,3,0,3,2
TOX3W30985,款色,袜品,儿童袜,39.69,0.0,39.69,1,0,1,1
TOX1W30947,款色,袜品,儿童袜,30.18,0.0,30.18,2,0,2,2
TOX2W30954,款色,袜品,儿童袜,28.0,0.0,28.0,1,0,1,1
TOX1W30931,款色,袜品,儿童袜,27.34,0.0,27.34,2,0,2,2
TOX1W30932,款色,袜品,儿童袜,26.74,0.0,26.74,2,0,2,1
TOX2W30950,款色,袜品,儿童袜,52.0,-26.0,26.0,2,-1,1,2
TOX1W30925,款色,袜品,儿童袜,23.98,0.0,23.98,2,0,2,2
TOX2W30953,款色,袜品,儿童袜,44.0,-22.0,22.0,2,-1,1,2
TOX1W30936,款色,袜品,儿童袜,16.0,0.0,16.0,1,0,1,1
TOX1W30939,款色,袜品,儿童袜,14.92,0.0,14.92,1,0,1,1
TOX1W30935,款色,袜品,儿童袜,13.05,0.0,13.05,1,0,1,1
TOX1W30941,款色,袜品,儿童袜,10.73,0.0,10.73,1,0,1,1
TND1K60656Z,咖色,衣着系列,裤类,77.42,-77.42,0.0,1,-1,0,2
